region,date,grocery_pharmacy,parks,residential,retail_recreation,transitstations,workplace
AC,2020-02-15,0.05,-0.02,0.01,0.02,0.05,0.05
AC,2020-02-16,0.03,0,0.02,-0.01,-0.12,-0.01
AC,2020-02-17,0.02,0,-0.02,-0.05,0.13,0.2
AC,2020-02-18,0.01,-0.02,-0.02,-0.01,0.02,0.19
AC,2020-02-19,-0.04,0,-0.02,-0.02,-0.01,0.19
AC,2020-02-20,0.02,0,-0.01,-0.02,0.03,0.2
AC,2020-02-21,0.07,0,-0.01,-0.06,0.12,0.19
AC,2020-02-22,0.12,0.16,-0.01,0.05,-0.02,0.01
AC,2020-02-23,0.09,0.33,-0.01,0.06,-0.29,-0.02
AC,2020-02-24,0,0.47,0.04,-0.02,-0.27,-0.34
AC,2020-02-25,-0.1,0.71,0.06,-0.2,-0.36,-0.52
AC,2020-02-26,-0.09,0.01,0.05,-0.14,-0.18,-0.24
AC,2020-02-27,-0.02,-0.13,0.01,-0.1,-0.07,0.17
AC,2020-02-28,0.02,-0.18,0,-0.08,-0.1,0.21
AC,2020-02-29,0.1,-0.12,0.02,0.01,-0.02,0.09
AC,2020-03-01,0.08,-0.16,0.04,-0.07,0.01,0
AC,2020-03-02,0.1,0.05,-0.04,0.04,0.07,0.27
AC,2020-03-03,0.08,-0.04,-0.02,0.02,0.01,0.23
AC,2020-03-04,0.05,0.05,-0.03,0.03,0.02,0.25
AC,2020-03-05,0.04,-0.01,-0.02,0.01,0.09,0.25
AC,2020-03-06,0.06,-0.1,-0.02,0.01,0.14,0.27
AC,2020-03-07,0.15,0.04,0,0.13,0.15,0.1
AC,2020-03-08,0.12,-0.03,0.01,0.15,0.04,0.07
AC,2020-03-09,0.06,0.02,-0.03,0.02,0.09,0.27
AC,2020-03-10,0.06,0.01,-0.04,0.08,0.11,0.26
AC,2020-03-11,0,0.02,-0.03,0.02,0.03,0.25
AC,2020-03-12,0.01,0.05,-0.02,0.01,0.07,0.26
AC,2020-03-13,-0.02,-0.19,-0.01,-0.12,0.05,0.25
AC,2020-03-14,0.08,-0.05,0,0,0.25,0.11
AC,2020-03-15,0.06,-0.11,0.02,-0.06,0.06,0.03
AC,2020-03-16,0.03,-0.09,-0.03,-0.09,0.06,0.25
AC,2020-03-17,0.2,-0.11,-0.01,-0.11,-0.06,0.17
AC,2020-03-18,0.04,-0.22,0.06,-0.26,-0.15,-0.05
AC,2020-03-19,-0.05,-0.26,0.09,-0.34,-0.27,-0.12
AC,2020-03-20,-0.12,-0.48,0.12,-0.48,-0.28,-0.18
AC,2020-03-21,-0.1,-0.55,0.12,-0.67,-0.41,-0.25
AC,2020-03-22,-0.26,-0.65,0.13,-0.77,-0.52,-0.29
AC,2020-03-23,-0.21,-0.48,0.17,-0.68,-0.64,-0.41
AC,2020-03-24,-0.22,-0.48,0.17,-0.67,-0.7,-0.47
AC,2020-03-25,-0.23,-0.48,0.17,-0.65,-0.67,-0.45
AC,2020-03-26,-0.25,-0.48,0.17,-0.63,-0.58,-0.43
AC,2020-03-27,-0.17,-0.51,0.17,-0.62,-0.59,-0.39
AC,2020-03-28,-0.18,-0.54,0.13,-0.64,-0.7,-0.29
AC,2020-03-29,-0.2,-0.56,0.11,-0.68,-0.75,-0.22
AC,2020-03-30,-0.22,-0.43,0.15,-0.56,-0.73,-0.35
AC,2020-03-31,-0.06,-0.38,0.12,-0.46,-0.48,-0.35
AC,2020-04-01,-0.11,-0.39,0.13,-0.51,-0.64,-0.35
AC,2020-04-02,-0.11,-0.4,0.13,-0.49,-0.68,-0.33
AC,2020-04-03,-0.13,-0.48,0.15,-0.57,-0.71,-0.33
AC,2020-04-04,-0.05,-0.52,0.1,-0.55,-0.7,-0.23
AC,2020-04-05,-0.2,-0.56,0.1,-0.67,-0.65,-0.23
AC,2020-04-06,-0.06,-0.34,0.11,-0.43,-0.7,-0.29
AC,2020-04-07,-0.01,-0.36,0.11,-0.4,-0.57,-0.31
AC,2020-04-08,0.01,-0.32,0.11,-0.42,-0.66,-0.3
AC,2020-04-09,0.05,-0.35,0.12,-0.44,-0.68,-0.38
AC,2020-04-10,-0.25,-0.55,0.2,-0.75,-0.78,-0.65
AC,2020-04-11,-0.07,-0.46,0.1,-0.55,-0.72,-0.27
AC,2020-04-12,-0.18,-0.52,0.08,-0.65,-0.67,-0.2
AC,2020-04-13,-0.13,-0.33,0.12,-0.46,-0.7,-0.27
AC,2020-04-14,-0.14,-0.32,0.12,-0.45,-0.64,-0.3
AC,2020-04-15,-0.21,-0.46,0.16,-0.54,-0.7,-0.35
AC,2020-04-16,-0.1,-0.39,0.14,-0.45,-0.67,-0.29
AC,2020-04-17,-0.11,-0.42,0.16,-0.51,-0.68,-0.27
AC,2020-04-18,-0.09,-0.44,0.1,-0.56,-0.69,-0.19
AC,2020-04-19,-0.17,-0.47,0.1,-0.66,-0.64,-0.18
AC,2020-04-20,-0.13,-0.33,0.13,-0.47,-0.67,-0.33
AC,2020-04-21,-0.26,-0.44,0.17,-0.65,-0.66,-0.57
AC,2020-04-22,-0.14,-0.35,0.13,-0.47,-0.66,-0.29
AC,2020-04-23,-0.14,-0.39,0.14,-0.5,-0.72,-0.28
AC,2020-04-24,-0.14,-0.46,0.14,-0.55,-0.67,-0.27
AC,2020-04-25,-0.1,-0.45,0.1,-0.57,-0.69,-0.19
AC,2020-04-26,-0.17,-0.52,0.1,-0.68,-0.69,-0.17
AC,2020-04-27,-0.08,-0.31,0.13,-0.46,-0.71,-0.24
AC,2020-04-28,-0.04,-0.3,0.08,-0.41,-0.58,-0.26
AC,2020-04-29,-0.03,-0.3,0.12,-0.43,-0.61,-0.25
AC,2020-04-30,0.07,-0.25,0.11,-0.36,-0.63,-0.25
AC,2020-05-01,-0.12,-0.52,0.19,-0.69,-0.72,-0.55
AC,2020-05-02,-0.06,-0.5,0.1,-0.54,-0.66,-0.19
AL,2020-02-15,0.03,0.01,0,0.05,-0.09,0.01
AL,2020-02-16,0,-0.21,0.03,-0.04,-0.13,-0.01
AL,2020-02-17,0.01,-0.2,0,-0.04,-0.07,0.15
AL,2020-02-18,-0.01,-0.18,-0.01,-0.03,-0.05,0.14
AL,2020-02-19,-0.01,-0.1,-0.01,0.01,-0.02,0.14
AL,2020-02-20,-0.05,-0.23,0.01,-0.11,-0.06,0.1
AL,2020-02-21,0.12,-0.23,0,-0.02,0.07,0.11
AL,2020-02-22,0.09,-0.04,0,-0.09,0.04,-0.05
AL,2020-02-23,0.06,0.18,0.01,-0.08,-0.15,-0.03
AL,2020-02-24,-0.15,0.5,0.06,-0.24,-0.36,-0.55
AL,2020-02-25,-0.3,0.44,0.05,-0.31,-0.31,-0.62
AL,2020-02-26,-0.19,-0.1,0.03,-0.23,-0.2,-0.39
AL,2020-02-27,-0.05,-0.15,0.01,-0.1,-0.05,0.07
AL,2020-02-28,0,-0.3,0.02,-0.1,-0.1,0.11
AL,2020-02-29,0.04,-0.3,0.03,-0.07,-0.1,0.02
AL,2020-03-01,0.01,-0.32,0.05,-0.12,-0.06,-0.02
AL,2020-03-02,0.02,-0.26,0,-0.06,-0.03,0.15
AL,2020-03-03,0,-0.22,0,-0.04,-0.04,0.14
AL,2020-03-04,-0.01,-0.18,0,-0.02,-0.05,0.15
AL,2020-03-05,0.01,-0.13,-0.01,-0.04,-0.04,0.15
AL,2020-03-06,0.06,-0.21,0,-0.01,-0.01,0.18
AL,2020-03-07,0.08,-0.22,0.01,0,-0.07,0.04
AL,2020-03-08,0.05,-0.21,0.03,0.02,-0.13,0.01
AL,2020-03-09,0.03,-0.16,0,-0.04,-0.04,0.16
AL,2020-03-10,0.02,-0.16,-0.01,-0.02,-0.03,0.15
AL,2020-03-11,-0.02,-0.15,-0.01,-0.01,-0.02,0.15
AL,2020-03-12,-0.04,-0.14,0,-0.05,-0.05,0.14
AL,2020-03-13,-0.01,-0.27,0,-0.05,-0.05,0.17
AL,2020-03-14,0.02,-0.27,0.02,-0.06,-0.08,0.04
AL,2020-03-15,-0.04,-0.37,0.04,-0.17,-0.2,-0.03
AL,2020-03-16,-0.02,-0.31,0.01,-0.13,-0.12,0.12
AL,2020-03-17,0,-0.26,0.01,-0.14,-0.11,0.08
AL,2020-03-18,-0.09,-0.36,0.06,-0.23,-0.21,-0.07
AL,2020-03-19,-0.07,-0.25,0.06,-0.25,-0.22,-0.07
AL,2020-03-20,0.01,-0.42,0.08,-0.31,-0.26,-0.09
AL,2020-03-21,-0.18,-0.61,0.13,-0.65,-0.41,-0.29
AL,2020-03-22,-0.35,-0.73,0.15,-0.75,-0.56,-0.31
AL,2020-03-23,-0.34,-0.64,0.18,-0.71,-0.59,-0.46
AL,2020-03-24,-0.4,-0.64,0.18,-0.73,-0.64,-0.51
AL,2020-03-25,-0.37,-0.62,0.18,-0.71,-0.64,-0.5
AL,2020-03-26,-0.35,-0.57,0.17,-0.69,-0.65,-0.49
AL,2020-03-27,-0.35,-0.66,0.2,-0.71,-0.68,-0.47
AL,2020-03-28,-0.32,-0.67,0.16,-0.7,-0.69,-0.38
AL,2020-03-29,-0.43,-0.79,0.17,-0.77,-0.76,-0.35
AL,2020-03-30,-0.25,-0.6,0.16,-0.63,-0.65,-0.42
AL,2020-03-31,-0.23,-0.57,0.15,-0.61,-0.62,-0.42
AL,2020-04-01,-0.23,-0.55,0.15,-0.6,-0.61,-0.42
AL,2020-04-02,-0.23,-0.54,0.16,-0.62,-0.64,-0.42
AL,2020-04-03,-0.2,-0.61,0.17,-0.63,-0.64,-0.38
AL,2020-04-04,-0.18,-0.64,0.13,-0.64,-0.68,-0.31
AL,2020-04-05,-0.27,-0.68,0.14,-0.69,-0.71,-0.26
AL,2020-04-06,-0.15,-0.57,0.15,-0.59,-0.63,-0.37
AL,2020-04-07,-0.09,-0.52,0.13,-0.55,-0.58,-0.37
AL,2020-04-08,-0.05,-0.47,0.13,-0.54,-0.59,-0.37
AL,2020-04-09,0.07,-0.42,0.12,-0.53,-0.58,-0.4
AL,2020-04-10,-0.42,-0.62,0.18,-0.77,-0.76,-0.63
AL,2020-04-11,-0.14,-0.59,0.13,-0.62,-0.69,-0.34
AL,2020-04-12,-0.21,-0.64,0.12,-0.67,-0.68,-0.22
AL,2020-04-13,-0.17,-0.53,0.14,-0.56,-0.62,-0.35
AL,2020-04-14,-0.2,-0.51,0.14,-0.56,-0.62,-0.36
AL,2020-04-15,-0.18,-0.48,0.14,-0.55,-0.6,-0.35
AL,2020-04-16,-0.2,-0.48,0.15,-0.61,-0.61,-0.37
AL,2020-04-17,-0.14,-0.54,0.16,-0.6,-0.58,-0.33
AL,2020-04-18,-0.19,-0.6,0.12,-0.64,-0.65,-0.28
AL,2020-04-19,-0.28,-0.66,0.13,-0.7,-0.7,-0.23
AL,2020-04-20,-0.15,-0.49,0.14,-0.58,-0.6,-0.35
AL,2020-04-21,-0.37,-0.53,0.18,-0.69,-0.71,-0.57
AL,2020-04-22,-0.22,-0.49,0.13,-0.58,-0.59,-0.33
AL,2020-04-23,-0.22,-0.45,0.14,-0.59,-0.63,-0.34
AL,2020-04-24,-0.26,-0.59,0.16,-0.64,-0.63,-0.33
AL,2020-04-25,-0.2,-0.61,0.13,-0.62,-0.65,-0.25
AL,2020-04-26,-0.38,-0.74,0.15,-0.73,-0.74,-0.28
AL,2020-04-27,-0.2,-0.53,0.14,-0.59,-0.61,-0.31
AL,2020-04-28,-0.21,-0.51,0.11,-0.58,-0.61,-0.34
AL,2020-04-29,-0.19,-0.47,0.13,-0.56,-0.57,-0.33
AL,2020-04-30,-0.14,-0.5,0.13,-0.54,-0.57,-0.34
AL,2020-05-01,-0.34,-0.64,0.21,-0.74,-0.72,-0.6
AL,2020-05-02,-0.15,-0.62,0.13,-0.6,-0.64,-0.28
AM,2020-02-15,0.07,-0.02,-0.01,0.09,0.1,0.06
AM,2020-02-16,0.05,-0.1,0.01,0.04,0.11,0.01
AM,2020-02-17,0.01,0,-0.01,-0.02,0.12,0.16
AM,2020-02-18,0,0.07,-0.02,-0.01,0.13,0.18
AM,2020-02-19,-0.03,-0.05,-0.01,-0.04,0.1,0.15
AM,2020-02-20,0.02,0,-0.01,0.01,0.12,0.16
AM,2020-02-21,0.04,-0.02,-0.02,0.05,0.13,0.16
AM,2020-02-22,0.03,-0.11,0.01,-0.01,0.05,0.01
AM,2020-02-23,0.03,0.01,0,0.04,0.12,-0.02
AM,2020-02-24,0,0.25,0.06,-0.03,-0.09,-0.35
AM,2020-02-25,-0.22,0.3,0.1,-0.23,-0.16,-0.6
AM,2020-02-26,-0.14,-0.1,0.09,-0.21,-0.17,-0.37
AM,2020-02-27,-0.04,-0.12,0,-0.1,0.04,0.12
AM,2020-02-28,0.02,-0.12,0,-0.04,0.07,0.16
AM,2020-02-29,0.07,-0.13,0.01,-0.02,0.03,0.09
AM,2020-03-01,0.07,-0.12,0.02,-0.05,0.02,0.01
AM,2020-03-02,0.05,-0.05,-0.01,-0.06,0.12,0.16
AM,2020-03-03,0.11,0.06,-0.03,0.01,0.16,0.19
AM,2020-03-04,0.03,-0.06,-0.02,-0.04,0.12,0.17
AM,2020-03-05,0.08,-0.04,-0.02,0.02,0.15,0.17
AM,2020-03-06,0.11,-0.05,-0.02,0.09,0.17,0.2
AM,2020-03-07,0.18,-0.04,-0.01,0.11,0.14,0.07
AM,2020-03-08,0.13,-0.03,0.01,0.11,0.12,0.04
AM,2020-03-09,0.07,0.05,-0.02,0,0.19,0.19
AM,2020-03-10,0.07,0.06,-0.03,0.01,0.19,0.2
AM,2020-03-11,0.01,0.02,-0.02,-0.04,0.14,0.18
AM,2020-03-12,-0.01,0.01,-0.01,-0.04,0.14,0.18
AM,2020-03-13,0.03,0,-0.02,0.01,0.13,0.2
AM,2020-03-14,-0.01,-0.3,0.03,-0.12,-0.06,0.02
AM,2020-03-15,0.09,-0.1,0.02,-0.06,0.03,0.02
AM,2020-03-16,0.05,-0.04,-0.01,-0.07,0.09,0.16
AM,2020-03-17,0.06,-0.08,0.02,-0.13,-0.03,0.06
AM,2020-03-18,0,-0.2,0.05,-0.21,-0.09,-0.03
AM,2020-03-19,-0.12,-0.34,0.09,-0.34,-0.23,-0.1
AM,2020-03-20,0.03,-0.27,0.08,-0.25,-0.19,-0.09
AM,2020-03-21,0.02,-0.43,0.09,-0.4,-0.25,-0.12
AM,2020-03-22,-0.15,-0.6,0.1,-0.6,-0.39,-0.23
AM,2020-03-23,-0.22,-0.55,0.15,-0.59,-0.43,-0.34
AM,2020-03-24,-0.17,-0.44,0.12,-0.57,-0.4,-0.33
AM,2020-03-25,-0.25,-0.52,0.16,-0.61,-0.46,-0.39
AM,2020-03-26,-0.26,-0.5,0.16,-0.6,-0.45,-0.39
AM,2020-03-27,-0.22,-0.51,0.16,-0.56,-0.42,-0.37
AM,2020-03-28,-0.21,-0.56,0.13,-0.59,-0.42,-0.32
AM,2020-03-29,-0.28,-0.62,0.13,-0.64,-0.46,-0.26
AM,2020-03-30,-0.23,-0.52,0.16,-0.57,-0.46,-0.4
AM,2020-03-31,-0.17,-0.5,0.15,-0.54,-0.45,-0.38
AM,2020-04-01,-0.05,-0.47,0.15,-0.49,-0.41,-0.39
AM,2020-04-02,-0.09,-0.45,0.16,-0.49,-0.41,-0.4
AM,2020-04-03,-0.06,-0.46,0.16,-0.47,-0.35,-0.37
AM,2020-04-04,-0.09,-0.55,0.14,-0.55,-0.38,-0.33
AM,2020-04-05,-0.21,-0.63,0.13,-0.64,-0.47,-0.29
AM,2020-04-06,-0.12,-0.51,0.16,-0.55,-0.43,-0.41
AM,2020-04-07,-0.07,-0.46,0.14,-0.51,-0.4,-0.41
AM,2020-04-08,-0.17,-0.53,0.16,-0.56,-0.47,-0.44
AM,2020-04-09,-0.09,-0.5,0.17,-0.53,-0.44,-0.47
AM,2020-04-10,-0.36,-0.59,0.26,-0.71,-0.6,-0.7
AM,2020-04-11,-0.19,-0.63,0.18,-0.63,-0.5,-0.41
AM,2020-04-12,-0.23,-0.66,0.13,-0.66,-0.51,-0.29
AM,2020-04-13,-0.21,-0.52,0.17,-0.58,-0.45,-0.43
AM,2020-04-14,-0.2,-0.48,0.17,-0.56,-0.46,-0.43
AM,2020-04-15,-0.19,-0.53,0.18,-0.57,-0.46,-0.44
AM,2020-04-16,-0.21,-0.53,0.19,-0.57,-0.45,-0.44
AM,2020-04-17,-0.16,-0.53,0.2,-0.56,-0.43,-0.42
AM,2020-04-18,-0.18,-0.61,0.16,-0.64,-0.45,-0.35
AM,2020-04-19,-0.25,-0.65,0.14,-0.69,-0.49,-0.3
AM,2020-04-20,-0.14,-0.51,0.18,-0.58,-0.43,-0.48
AM,2020-04-21,-0.29,-0.51,0.21,-0.69,-0.56,-0.63
AM,2020-04-22,-0.16,-0.54,0.16,-0.58,-0.42,-0.42
AM,2020-04-23,-0.19,-0.52,0.17,-0.59,-0.44,-0.43
AM,2020-04-24,-0.21,-0.55,0.18,-0.6,-0.43,-0.41
AM,2020-04-25,-0.26,-0.65,0.17,-0.68,-0.5,-0.36
AM,2020-04-26,-0.18,-0.64,0.14,-0.67,-0.45,-0.27
AM,2020-04-27,-0.13,-0.5,0.17,-0.56,-0.4,-0.39
AM,2020-04-28,-0.12,-0.47,0.13,-0.56,-0.41,-0.39
AM,2020-04-29,-0.11,-0.5,0.16,-0.56,-0.39,-0.4
AM,2020-04-30,-0.01,-0.44,0.15,-0.5,-0.36,-0.39
AM,2020-05-01,-0.18,-0.54,0.23,-0.65,-0.52,-0.63
AM,2020-05-02,-0.12,-0.6,0.15,-0.6,-0.44,-0.35
AP,2020-02-15,0.06,-0.1,0,0.11,-0.03,0.04
AP,2020-02-16,0.05,0.02,0.01,0.08,0.06,0.02
AP,2020-02-17,0.05,0.11,0,0.02,0,0.11
AP,2020-02-18,0.01,0.05,0,-0.01,-0.01,0.12
AP,2020-02-19,0.01,-0.01,0,-0.03,-0.12,0.07
AP,2020-02-20,-0.03,-0.11,0.01,-0.02,-0.1,0.07
AP,2020-02-21,0.12,0.08,0,0.09,-0.01,0.08
AP,2020-02-22,0.05,0.03,0.01,0.03,-0.11,-0.02
AP,2020-02-23,0.06,0.15,-0.01,0.18,-0.4,0
AP,2020-02-24,0.03,0,0.06,-0.07,-0.54,-0.36
AP,2020-02-25,-0.39,0.04,0.07,-0.08,-0.24,-0.62
AP,2020-02-26,-0.1,-0.03,0.07,-0.2,-0.22,-0.33
AP,2020-02-27,0,-0.04,0.01,-0.03,-0.06,0.08
AP,2020-02-28,0.13,-0.01,0,0.07,-0.14,0.11
AP,2020-02-29,0.11,-0.08,0.02,0.09,-0.14,0.07
AP,2020-03-01,0.06,-0.06,0.03,-0.01,-0.03,0.01
AP,2020-03-02,0.13,-0.07,-0.01,0,-0.09,0.13
AP,2020-03-03,0.09,-0.05,-0.01,-0.01,-0.08,0.12
AP,2020-03-04,0.08,0,-0.02,0.01,-0.25,0.1
AP,2020-03-05,0.07,0,0,0.07,0.02,0.11
AP,2020-03-06,0.15,0.01,-0.01,0.12,-0.03,0.15
AP,2020-03-07,0.16,-0.1,0.01,0.13,-0.03,0.08
AP,2020-03-08,0.19,0.11,0.02,0.21,-0.11,0.05
AP,2020-03-09,0.08,-0.04,0,-0.02,-0.07,0.15
AP,2020-03-10,0.14,-0.04,-0.01,0.04,-0.08,0.17
AP,2020-03-11,0.07,-0.02,-0.02,0,-0.28,0.11
AP,2020-03-12,0.05,0.02,-0.01,0.04,-0.03,0.13
AP,2020-03-13,0.09,0,-0.01,0.09,-0.06,0.15
AP,2020-03-14,0.13,-0.14,0.01,0.03,-0.08,0.09
AP,2020-03-15,0.13,-0.3,0.04,-0.14,-0.02,-0.02
AP,2020-03-16,0.19,-0.03,0.01,-0.1,-0.08,0.1
AP,2020-03-17,0.16,-0.1,0.03,-0.18,-0.13,0.04
AP,2020-03-18,0.12,-0.16,0.06,-0.24,-0.26,-0.13
AP,2020-03-19,-0.11,-0.35,0.16,-0.5,-0.24,-0.51
AP,2020-03-20,0.14,-0.46,0.14,-0.45,-0.35,-0.36
AP,2020-03-21,-0.21,-0.6,0.17,-0.75,-0.43,-0.43
AP,2020-03-22,-0.29,-0.6,0.15,-0.75,-0.53,-0.32
AP,2020-03-23,-0.26,-0.53,0.18,-0.73,-0.51,-0.5
AP,2020-03-24,-0.31,-0.5,0.19,-0.73,-0.64,-0.54
AP,2020-03-25,-0.28,-0.44,0.18,-0.71,-0.68,-0.55
AP,2020-03-26,-0.31,-0.51,0.18,-0.71,-0.53,-0.53
AP,2020-03-27,-0.28,-0.49,0.18,-0.69,-0.65,-0.5
AP,2020-03-28,-0.29,-0.55,0.15,-0.71,-0.68,-0.41
AP,2020-03-29,-0.27,-0.51,0.11,-0.71,-0.73,-0.28
AP,2020-03-30,-0.23,-0.49,0.17,-0.67,-0.65,-0.49
AP,2020-03-31,-0.15,-0.45,0.16,-0.63,-0.67,-0.46
AP,2020-04-01,-0.12,-0.39,0.16,-0.62,-0.66,-0.48
AP,2020-04-02,-0.17,-0.48,0.17,-0.6,-0.62,-0.48
AP,2020-04-03,-0.16,-0.48,0.18,-0.62,-0.65,-0.45
AP,2020-04-04,-0.13,-0.47,0.13,-0.62,-0.7,-0.35
AP,2020-04-05,-0.22,-0.53,0.11,-0.7,-0.73,-0.28
AP,2020-04-06,-0.14,-0.39,0.15,-0.58,-0.69,-0.43
AP,2020-04-07,-0.13,-0.39,0.14,-0.57,-0.71,-0.43
AP,2020-04-08,-0.11,-0.38,0.14,-0.57,-0.69,-0.46
AP,2020-04-09,0,-0.3,0.14,-0.52,-0.6,-0.48
AP,2020-04-10,-0.57,-0.53,0.22,-0.77,-0.78,-0.71
AP,2020-04-11,-0.05,-0.46,0.14,-0.59,-0.77,-0.35
AP,2020-04-12,-0.22,-0.56,0.12,-0.7,-0.85,-0.26
AP,2020-04-13,-0.2,-0.38,0.17,-0.59,-0.74,-0.43
AP,2020-04-14,-0.19,-0.45,0.17,-0.59,-0.77,-0.43
AP,2020-04-15,-0.18,-0.37,0.17,-0.58,-0.75,-0.45
AP,2020-04-16,-0.19,-0.38,0.18,-0.58,-0.69,-0.46
AP,2020-04-17,-0.09,-0.35,0.18,-0.54,-0.7,-0.41
AP,2020-04-18,-0.17,-0.46,0.15,-0.62,-0.76,-0.31
AP,2020-04-19,-0.21,-0.48,0.13,-0.69,-0.82,-0.24
AP,2020-04-20,-0.16,-0.4,0.16,-0.58,-0.77,-0.43
AP,2020-04-21,-0.24,-0.43,0.19,-0.66,-0.79,-0.57
AP,2020-04-22,-0.14,-0.37,0.15,-0.56,-0.72,-0.42
AP,2020-04-23,-0.15,-0.33,0.16,-0.56,-0.67,-0.42
AP,2020-04-24,-0.1,-0.38,0.16,-0.55,-0.69,-0.4
AP,2020-04-25,-0.15,-0.45,0.13,-0.61,-0.75,-0.3
AP,2020-04-26,-0.23,-0.54,0.14,-0.69,-0.8,-0.25
AP,2020-04-27,-0.13,-0.39,0.17,-0.57,-0.73,-0.4
AP,2020-04-28,-0.1,-0.42,0.14,-0.57,-0.73,-0.41
AP,2020-04-29,-0.16,-0.43,0.18,-0.62,-0.76,-0.46
AP,2020-04-30,0,-0.39,0.16,-0.53,-0.64,-0.43
AP,2020-05-01,-0.24,-0.54,0.23,-0.72,-0.75,-0.64
AP,2020-05-02,-0.13,-0.52,0.16,-0.63,-0.75,-0.33
BA,2020-02-15,0.01,-0.17,0.01,-0.01,0,0.05
BA,2020-02-16,-0.01,-0.11,0.02,-0.04,-0.03,0
BA,2020-02-17,-0.02,-0.22,0.01,-0.04,0.04,0.14
BA,2020-02-18,-0.02,-0.18,0.01,-0.03,0.04,0.12
BA,2020-02-19,-0.04,-0.12,0.01,-0.02,0.01,0.12
BA,2020-02-20,0.03,0.03,0,0.04,0.05,0.08
BA,2020-02-21,0.05,-0.02,0.02,-0.01,0,-0.03
BA,2020-02-22,0.02,0.15,0,-0.04,0.06,-0.09
BA,2020-02-23,0.05,0.35,0.01,0.05,-0.04,-0.06
BA,2020-02-24,-0.17,0.58,0.08,-0.17,-0.28,-0.52
BA,2020-02-25,-0.33,0.56,0.06,-0.26,-0.3,-0.61
BA,2020-02-26,-0.15,0.06,0.04,-0.17,-0.17,-0.27
BA,2020-02-27,-0.04,-0.07,0.01,-0.07,-0.04,0.1
BA,2020-02-28,0,-0.21,0.02,-0.07,-0.07,0.11
BA,2020-02-29,0.01,-0.29,0.04,-0.09,-0.11,0.03
BA,2020-03-01,-0.01,-0.28,0.05,-0.13,-0.12,0
BA,2020-03-02,0.02,-0.24,0.01,-0.06,0.04,0.17
BA,2020-03-03,0,-0.19,0,-0.05,0.02,0.15
BA,2020-03-04,-0.02,-0.13,0.01,-0.04,0.02,0.18
BA,2020-03-05,-0.01,-0.14,0,-0.03,0.04,0.18
BA,2020-03-06,0,-0.3,0.01,-0.06,0.02,0.16
BA,2020-03-07,0.02,-0.33,0.04,-0.04,-0.07,0.03
BA,2020-03-08,-0.02,-0.35,0.05,-0.11,-0.12,0
BA,2020-03-09,-0.01,-0.27,0.01,-0.07,0.04,0.17
BA,2020-03-10,0,-0.24,0,-0.06,0.03,0.15
BA,2020-03-11,-0.04,-0.16,0,-0.05,0.04,0.18
BA,2020-03-12,-0.05,-0.2,0.01,-0.07,0.01,0.17
BA,2020-03-13,0,-0.25,0.01,-0.06,0,0.17
BA,2020-03-14,0,-0.31,0.03,-0.08,-0.08,0.05
BA,2020-03-15,-0.04,-0.34,0.05,-0.18,-0.17,0
BA,2020-03-16,0.01,-0.3,0.02,-0.13,-0.05,0.14
BA,2020-03-17,0.01,-0.29,0.03,-0.17,-0.16,0.07
BA,2020-03-18,-0.03,-0.3,0.07,-0.25,-0.23,-0.03
BA,2020-03-19,-0.08,-0.38,0.09,-0.33,-0.3,-0.13
BA,2020-03-20,-0.09,-0.51,0.11,-0.4,-0.42,-0.18
BA,2020-03-21,-0.22,-0.64,0.14,-0.6,-0.56,-0.28
BA,2020-03-22,-0.4,-0.72,0.16,-0.73,-0.68,-0.34
BA,2020-03-23,-0.33,-0.66,0.18,-0.67,-0.63,-0.43
BA,2020-03-24,-0.41,-0.65,0.19,-0.71,-0.67,-0.51
BA,2020-03-25,-0.4,-0.61,0.2,-0.71,-0.67,-0.5
BA,2020-03-26,-0.41,-0.6,0.2,-0.7,-0.68,-0.5
BA,2020-03-27,-0.35,-0.65,0.21,-0.69,-0.67,-0.48
BA,2020-03-28,-0.36,-0.67,0.19,-0.7,-0.68,-0.42
BA,2020-03-29,-0.42,-0.71,0.17,-0.73,-0.73,-0.33
BA,2020-03-30,-0.32,-0.61,0.19,-0.62,-0.64,-0.43
BA,2020-03-31,-0.26,-0.56,0.17,-0.6,-0.63,-0.43
BA,2020-04-01,-0.27,-0.53,0.17,-0.59,-0.62,-0.41
BA,2020-04-02,-0.26,-0.51,0.17,-0.59,-0.63,-0.41
BA,2020-04-03,-0.23,-0.58,0.19,-0.6,-0.62,-0.39
BA,2020-04-04,-0.24,-0.62,0.17,-0.63,-0.63,-0.35
BA,2020-04-05,-0.33,-0.68,0.16,-0.7,-0.71,-0.31
BA,2020-04-06,-0.26,-0.6,0.18,-0.59,-0.65,-0.39
BA,2020-04-07,-0.14,-0.52,0.15,-0.53,-0.58,-0.38
BA,2020-04-08,-0.12,-0.46,0.15,-0.52,-0.57,-0.36
BA,2020-04-09,-0.01,-0.44,0.14,-0.49,-0.57,-0.38
BA,2020-04-10,-0.56,-0.65,0.23,-0.79,-0.76,-0.69
BA,2020-04-11,-0.27,-0.64,0.17,-0.64,-0.68,-0.4
BA,2020-04-12,-0.33,-0.68,0.15,-0.69,-0.71,-0.3
BA,2020-04-13,-0.28,-0.62,0.18,-0.59,-0.63,-0.38
BA,2020-04-14,-0.25,-0.56,0.16,-0.56,-0.61,-0.37
BA,2020-04-15,-0.24,-0.51,0.17,-0.55,-0.6,-0.35
BA,2020-04-16,-0.22,-0.47,0.16,-0.55,-0.59,-0.35
BA,2020-04-17,-0.2,-0.56,0.18,-0.57,-0.59,-0.34
BA,2020-04-18,-0.25,-0.63,0.16,-0.63,-0.61,-0.31
BA,2020-04-19,-0.34,-0.68,0.16,-0.7,-0.7,-0.28
BA,2020-04-20,-0.2,-0.56,0.17,-0.55,-0.61,-0.37
BA,2020-04-21,-0.49,-0.62,0.22,-0.74,-0.75,-0.64
BA,2020-04-22,-0.2,-0.48,0.15,-0.53,-0.57,-0.32
BA,2020-04-23,-0.29,-0.53,0.17,-0.59,-0.63,-0.35
BA,2020-04-24,-0.22,-0.59,0.18,-0.58,-0.6,-0.33
BA,2020-04-25,-0.23,-0.62,0.16,-0.6,-0.61,-0.28
BA,2020-04-26,-0.36,-0.68,0.16,-0.7,-0.7,-0.26
BA,2020-04-27,-0.24,-0.58,0.17,-0.55,-0.6,-0.31
BA,2020-04-28,-0.19,-0.52,0.12,-0.52,-0.56,-0.32
BA,2020-04-29,-0.21,-0.49,0.15,-0.53,-0.57,-0.3
BA,2020-04-30,-0.05,-0.42,0.13,-0.46,-0.51,-0.28
BA,2020-05-01,-0.44,-0.61,0.23,-0.73,-0.73,-0.62
BA,2020-05-02,-0.12,-0.57,0.15,-0.57,-0.59,-0.27
CE,2020-02-15,0.02,-0.23,0.01,-0.02,0.01,0.04
CE,2020-02-16,0.02,-0.29,0.03,-0.08,-0.02,-0.01
CE,2020-02-17,-0.04,-0.27,0,-0.09,0.04,0.13
CE,2020-02-18,-0.03,-0.28,0,-0.08,0.03,0.11
CE,2020-02-19,-0.06,-0.27,0,-0.08,0.01,0.1
CE,2020-02-20,0.02,-0.22,0,-0.03,0.02,0.08
CE,2020-02-21,0.1,-0.16,-0.01,-0.05,0.06,0.11
CE,2020-02-22,0.03,-0.18,0.02,-0.22,-0.13,-0.12
CE,2020-02-23,0.01,0.13,0.02,-0.2,-0.19,-0.1
CE,2020-02-24,-0.22,0.55,0.1,-0.33,-0.49,-0.59
CE,2020-02-25,-0.29,0.39,0.08,-0.37,-0.49,-0.65
CE,2020-02-26,-0.19,-0.18,0.07,-0.25,-0.26,-0.35
CE,2020-02-27,-0.06,-0.26,0.01,-0.1,-0.05,0.05
CE,2020-02-28,-0.03,-0.3,0.02,-0.13,-0.06,0.1
CE,2020-02-29,0,-0.39,0.05,-0.14,-0.14,0.02
CE,2020-03-01,0.02,-0.42,0.06,-0.2,-0.16,-0.04
CE,2020-03-02,0,-0.3,0,-0.12,-0.01,0.14
CE,2020-03-03,0.03,-0.27,0,-0.08,0.01,0.11
CE,2020-03-04,-0.02,-0.28,0.01,-0.09,0.01,0.1
CE,2020-03-05,0.03,-0.19,0,-0.03,0.02,0.11
CE,2020-03-06,0.06,-0.22,-0.01,-0.01,0.07,0.13
CE,2020-03-07,0.02,-0.38,0.03,-0.07,-0.05,0.02
CE,2020-03-08,0.06,-0.26,0.03,-0.02,-0.03,0.01
CE,2020-03-09,-0.02,-0.24,0,-0.09,0.03,0.15
CE,2020-03-10,0.02,-0.23,0,-0.06,0.03,0.12
CE,2020-03-11,-0.04,-0.2,0,-0.06,0.01,0.11
CE,2020-03-12,-0.08,-0.28,0,-0.1,-0.01,0.1
CE,2020-03-13,-0.05,-0.33,0.01,-0.12,0.02,0.12
CE,2020-03-14,-0.02,-0.41,0.04,-0.16,-0.11,0.01
CE,2020-03-15,0.01,-0.38,0.05,-0.19,-0.13,-0.02
CE,2020-03-16,0.02,-0.32,0.01,-0.17,-0.06,0.11
CE,2020-03-17,0.08,-0.32,0.03,-0.2,-0.15,0
CE,2020-03-18,0.03,-0.33,0.06,-0.25,-0.23,-0.14
CE,2020-03-19,-0.2,-0.45,0.17,-0.58,-0.56,-0.55
CE,2020-03-20,-0.03,-0.54,0.15,-0.63,-0.44,-0.4
CE,2020-03-21,-0.29,-0.72,0.17,-0.78,-0.6,-0.46
CE,2020-03-22,-0.36,-0.76,0.17,-0.81,-0.63,-0.39
CE,2020-03-23,-0.34,-0.66,0.2,-0.76,-0.68,-0.56
CE,2020-03-24,-0.36,-0.66,0.2,-0.76,-0.7,-0.61
CE,2020-03-25,-0.44,-0.66,0.23,-0.79,-0.76,-0.7
CE,2020-03-26,-0.32,-0.6,0.2,-0.73,-0.69,-0.59
CE,2020-03-27,-0.32,-0.63,0.22,-0.74,-0.68,-0.56
CE,2020-03-28,-0.34,-0.7,0.19,-0.76,-0.68,-0.46
CE,2020-03-29,-0.34,-0.71,0.16,-0.76,-0.68,-0.33
CE,2020-03-30,-0.33,-0.62,0.2,-0.7,-0.67,-0.51
CE,2020-03-31,-0.25,-0.6,0.19,-0.68,-0.67,-0.53
CE,2020-04-01,-0.16,-0.53,0.19,-0.64,-0.64,-0.52
CE,2020-04-02,-0.2,-0.54,0.19,-0.65,-0.65,-0.52
CE,2020-04-03,-0.19,-0.59,0.2,-0.68,-0.64,-0.49
CE,2020-04-04,-0.21,-0.68,0.17,-0.72,-0.65,-0.41
CE,2020-04-05,-0.28,-0.7,0.15,-0.74,-0.66,-0.31
CE,2020-04-06,-0.19,-0.56,0.18,-0.64,-0.62,-0.46
CE,2020-04-07,-0.13,-0.53,0.17,-0.62,-0.61,-0.48
CE,2020-04-08,-0.14,-0.5,0.18,-0.62,-0.62,-0.49
CE,2020-04-09,-0.06,-0.48,0.17,-0.61,-0.62,-0.53
CE,2020-04-10,-0.41,-0.61,0.24,-0.8,-0.76,-0.72
CE,2020-04-11,-0.24,-0.66,0.18,-0.72,-0.66,-0.44
CE,2020-04-12,-0.29,-0.7,0.14,-0.73,-0.67,-0.3
CE,2020-04-13,-0.27,-0.57,0.19,-0.65,-0.64,-0.47
CE,2020-04-14,-0.24,-0.55,0.18,-0.64,-0.63,-0.48
CE,2020-04-15,-0.25,-0.54,0.19,-0.65,-0.64,-0.49
CE,2020-04-16,-0.21,-0.51,0.19,-0.67,-0.63,-0.49
CE,2020-04-17,-0.19,-0.55,0.21,-0.68,-0.62,-0.47
CE,2020-04-18,-0.23,-0.66,0.17,-0.74,-0.62,-0.37
CE,2020-04-19,-0.29,-0.67,0.15,-0.76,-0.65,-0.28
CE,2020-04-20,-0.22,-0.53,0.18,-0.67,-0.62,-0.46
CE,2020-04-21,-0.4,-0.62,0.23,-0.78,-0.75,-0.67
CE,2020-04-22,-0.25,-0.53,0.18,-0.67,-0.62,-0.47
CE,2020-04-23,-0.26,-0.53,0.18,-0.68,-0.63,-0.48
CE,2020-04-24,-0.23,-0.57,0.2,-0.7,-0.63,-0.46
CE,2020-04-25,-0.25,-0.66,0.17,-0.74,-0.63,-0.37
CE,2020-04-26,-0.3,-0.68,0.15,-0.76,-0.66,-0.28
CE,2020-04-27,-0.27,-0.56,0.18,-0.69,-0.63,-0.44
CE,2020-04-28,-0.19,-0.51,0.15,-0.66,-0.61,-0.46
CE,2020-04-29,-0.19,-0.48,0.18,-0.65,-0.61,-0.46
CE,2020-04-30,-0.06,-0.47,0.16,-0.62,-0.6,-0.46
CE,2020-05-01,-0.34,-0.58,0.24,-0.78,-0.73,-0.66
CE,2020-05-02,-0.14,-0.64,0.17,-0.72,-0.63,-0.37
DF,2020-02-15,0.07,-0.08,0,0.1,0.08,0.08
DF,2020-02-16,0.06,-0.1,0.02,0.11,0.04,0
DF,2020-02-17,0.04,-0.01,-0.02,0.02,0.11,0.22
DF,2020-02-18,0.04,0.02,-0.02,0.01,0.14,0.22
DF,2020-02-19,0,-0.03,-0.02,-0.02,0.09,0.2
DF,2020-02-20,0.08,0.15,-0.03,0.04,0.12,0.21
DF,2020-02-21,0.15,-0.01,-0.03,0.07,0.12,0.22
DF,2020-02-22,0.03,-0.13,0,-0.06,-0.03,-0.03
DF,2020-02-23,-0.02,-0.18,0.01,-0.06,-0.06,-0.07
DF,2020-02-24,-0.15,-0.16,0.12,-0.31,-0.34,-0.61
DF,2020-02-25,-0.27,0.14,0.11,-0.39,-0.35,-0.71
DF,2020-02-26,-0.07,-0.14,0.09,-0.2,-0.17,-0.22
DF,2020-02-27,0.05,0.16,-0.01,-0.04,0.05,0.17
DF,2020-02-28,0.07,-0.14,0.01,-0.02,0.04,0.22
DF,2020-02-29,0.07,-0.25,0.04,0.01,-0.05,0.06
DF,2020-03-01,0.14,-0.26,0.05,0.01,-0.04,0.01
DF,2020-03-02,0.01,-0.15,-0.01,-0.03,0.09,0.22
DF,2020-03-03,0.11,0,-0.02,0.04,0.11,0.22
DF,2020-03-04,0.09,0.01,-0.02,0.02,0.1,0.22
DF,2020-03-05,0.1,0.14,-0.03,0.02,0.1,0.22
DF,2020-03-06,0.16,-0.15,-0.03,0.08,0.11,0.25
DF,2020-03-07,0.19,-0.18,0,0.12,0.06,0.08
DF,2020-03-08,0.23,0.03,0.01,0.18,0.06,0.04
DF,2020-03-09,0.13,-0.03,-0.03,0.05,0.15,0.24
DF,2020-03-10,0.14,0.06,-0.04,0.04,0.17,0.23
DF,2020-03-11,0.11,0.01,-0.04,0.02,0.13,0.22
DF,2020-03-12,0.14,0.09,0.02,0,0.03,0.07
DF,2020-03-13,0.17,-0.01,0.02,0.03,0.02,0.08
DF,2020-03-14,0.14,-0.06,0.02,-0.02,-0.02,0.03
DF,2020-03-15,0.13,-0.09,0.03,-0.08,-0.05,-0.01
DF,2020-03-16,0.11,0.1,0.04,-0.1,-0.08,0.01
DF,2020-03-17,0.1,0.04,0.06,-0.18,-0.13,-0.05
DF,2020-03-18,0.12,-0.06,0.11,-0.25,-0.21,-0.13
DF,2020-03-19,0.16,-0.25,0.14,-0.37,-0.3,-0.24
DF,2020-03-20,0.07,-0.44,0.2,-0.56,-0.4,-0.36
DF,2020-03-21,-0.21,-0.66,0.21,-0.7,-0.52,-0.43
DF,2020-03-22,-0.37,-0.77,0.21,-0.75,-0.62,-0.41
DF,2020-03-23,-0.29,-0.59,0.25,-0.68,-0.6,-0.52
DF,2020-03-24,-0.31,-0.62,0.27,-0.71,-0.62,-0.57
DF,2020-03-25,-0.34,-0.62,0.28,-0.71,-0.64,-0.59
DF,2020-03-26,-0.28,-0.56,0.27,-0.69,-0.62,-0.58
DF,2020-03-27,-0.21,-0.54,0.28,-0.66,-0.59,-0.55
DF,2020-03-28,-0.3,-0.66,0.23,-0.7,-0.59,-0.45
DF,2020-03-29,-0.28,-0.63,0.2,-0.68,-0.56,-0.36
DF,2020-03-30,-0.22,-0.46,0.23,-0.6,-0.57,-0.51
DF,2020-03-31,-0.17,-0.42,0.24,-0.61,-0.56,-0.52
DF,2020-04-01,-0.14,-0.41,0.24,-0.59,-0.56,-0.52
DF,2020-04-02,-0.11,-0.35,0.24,-0.59,-0.55,-0.52
DF,2020-04-03,-0.05,-0.42,0.24,-0.58,-0.52,-0.49
DF,2020-04-04,-0.1,-0.53,0.19,-0.61,-0.49,-0.38
DF,2020-04-05,-0.2,-0.62,0.17,-0.64,-0.53,-0.33
DF,2020-04-06,-0.11,-0.42,0.21,-0.55,-0.52,-0.47
DF,2020-04-07,-0.05,-0.43,0.2,-0.54,-0.51,-0.49
DF,2020-04-08,-0.01,-0.45,0.2,-0.53,-0.51,-0.49
DF,2020-04-09,0.2,-0.27,0.17,-0.46,-0.47,-0.49
DF,2020-04-10,-0.29,-0.5,0.27,-0.73,-0.64,-0.76
DF,2020-04-11,0,-0.5,0.16,-0.54,-0.46,-0.38
DF,2020-04-12,-0.18,-0.59,0.13,-0.62,-0.49,-0.28
DF,2020-04-13,-0.14,-0.42,0.19,-0.52,-0.51,-0.46
DF,2020-04-14,-0.15,-0.43,0.2,-0.55,-0.52,-0.47
DF,2020-04-15,-0.13,-0.51,0.23,-0.56,-0.52,-0.48
DF,2020-04-16,-0.08,-0.69,0.24,-0.6,-0.5,-0.49
DF,2020-04-17,0.04,-0.67,0.23,-0.56,-0.42,-0.43
DF,2020-04-18,-0.11,-0.73,0.18,-0.62,-0.4,-0.31
DF,2020-04-19,-0.14,-0.71,0.17,-0.67,-0.4,-0.27
DF,2020-04-20,-0.1,-0.67,0.21,-0.58,-0.46,-0.46
DF,2020-04-21,-0.29,-0.68,0.28,-0.73,-0.59,-0.72
DF,2020-04-22,-0.12,-0.7,0.21,-0.6,-0.46,-0.44
DF,2020-04-23,-0.13,-0.67,0.22,-0.6,-0.47,-0.45
DF,2020-04-24,-0.04,-0.66,0.22,-0.58,-0.41,-0.41
DF,2020-04-25,-0.07,-0.67,0.17,-0.59,-0.35,-0.27
DF,2020-04-26,-0.14,-0.67,0.16,-0.65,-0.38,-0.24
DF,2020-04-27,-0.12,-0.64,0.2,-0.56,-0.43,-0.4
DF,2020-04-28,-0.09,-0.63,0.17,-0.57,-0.41,-0.42
DF,2020-04-29,-0.07,-0.61,0.21,-0.57,-0.41,-0.41
DF,2020-04-30,0.07,-0.5,0.19,-0.53,-0.38,-0.41
DF,2020-05-01,-0.1,-0.57,0.27,-0.72,-0.52,-0.7
DF,2020-05-02,-0.05,-0.64,0.16,-0.59,-0.38,-0.29
ES,2020-02-15,0.04,-0.21,0,-0.01,-0.01,0.07
ES,2020-02-16,-0.03,-0.28,0.03,-0.09,-0.04,-0.02
ES,2020-02-17,0,-0.19,0,-0.05,-0.06,0.23
ES,2020-02-18,-0.02,-0.08,-0.02,-0.03,-0.05,0.23
ES,2020-02-19,-0.02,-0.1,-0.01,-0.02,-0.06,0.21
ES,2020-02-20,0.09,-0.06,-0.02,0.03,0,0.21
ES,2020-02-21,0.14,-0.05,-0.02,-0.02,0.08,0.19
ES,2020-02-22,0.09,0.19,-0.01,-0.04,0.12,-0.06
ES,2020-02-23,0.09,0.34,0.03,-0.01,-0.03,-0.08
ES,2020-02-24,-0.18,1.44,0.09,-0.14,-0.37,-0.58
ES,2020-02-25,-0.43,1.47,0.06,-0.22,-0.35,-0.64
ES,2020-02-26,-0.12,0.31,0.05,-0.15,-0.21,-0.26
ES,2020-02-27,-0.03,-0.17,0.03,-0.12,-0.15,0.11
ES,2020-02-28,0.03,-0.42,0.04,-0.15,-0.19,0.12
ES,2020-02-29,0.08,-0.36,0.04,-0.06,-0.14,0.05
ES,2020-03-01,-0.04,-0.51,0.07,-0.22,-0.19,-0.04
ES,2020-03-02,0.02,-0.39,0.02,-0.13,-0.18,0.17
ES,2020-03-03,0.03,-0.22,-0.01,-0.05,-0.05,0.23
ES,2020-03-04,-0.02,-0.31,0,-0.09,-0.07,0.21
ES,2020-03-05,0.03,-0.33,0,-0.06,-0.02,0.22
ES,2020-03-06,0.12,-0.31,-0.01,-0.03,0.02,0.24
ES,2020-03-07,0.1,-0.52,0.04,-0.05,-0.09,0.05
ES,2020-03-08,0.05,-0.5,0.06,-0.07,-0.15,0.01
ES,2020-03-09,0.06,-0.23,-0.01,-0.03,-0.01,0.25
ES,2020-03-10,0.04,-0.2,-0.01,-0.02,-0.03,0.24
ES,2020-03-11,0,-0.2,-0.01,-0.03,-0.02,0.22
ES,2020-03-12,0,-0.28,0,-0.06,-0.03,0.22
ES,2020-03-13,0.04,-0.31,-0.01,-0.06,-0.01,0.24
ES,2020-03-14,0.07,-0.34,0.02,-0.04,-0.09,0.06
ES,2020-03-15,0.02,-0.35,0.04,-0.14,-0.15,0
ES,2020-03-16,0.08,-0.25,0,-0.12,-0.08,0.21
ES,2020-03-17,0.08,-0.27,0.03,-0.18,-0.21,0.09
ES,2020-03-18,0,-0.31,0.07,-0.24,-0.26,0.01
ES,2020-03-19,0.03,-0.39,0.1,-0.34,-0.34,-0.09
ES,2020-03-20,0.03,-0.52,0.12,-0.43,-0.4,-0.15
ES,2020-03-21,-0.15,-0.75,0.16,-0.66,-0.57,-0.33
ES,2020-03-22,-0.41,-0.83,0.19,-0.76,-0.67,-0.38
ES,2020-03-23,-0.28,-0.66,0.2,-0.67,-0.64,-0.41
ES,2020-03-24,-0.35,-0.64,0.2,-0.68,-0.68,-0.47
ES,2020-03-25,-0.33,-0.61,0.21,-0.67,-0.68,-0.48
ES,2020-03-26,-0.31,-0.6,0.21,-0.66,-0.68,-0.47
ES,2020-03-27,-0.25,-0.62,0.22,-0.65,-0.65,-0.44
ES,2020-03-28,-0.26,-0.68,0.17,-0.68,-0.65,-0.38
ES,2020-03-29,-0.35,-0.69,0.16,-0.68,-0.69,-0.31
ES,2020-03-30,-0.26,-0.54,0.18,-0.6,-0.65,-0.4
ES,2020-03-31,-0.21,-0.53,0.18,-0.58,-0.64,-0.41
ES,2020-04-01,-0.2,-0.56,0.19,-0.58,-0.64,-0.42
ES,2020-04-02,-0.17,-0.53,0.19,-0.56,-0.64,-0.41
ES,2020-04-03,-0.16,-0.58,0.19,-0.59,-0.62,-0.39
ES,2020-04-04,-0.13,-0.66,0.15,-0.61,-0.63,-0.33
ES,2020-04-05,-0.28,-0.72,0.16,-0.67,-0.68,-0.3
ES,2020-04-06,-0.12,-0.5,0.16,-0.49,-0.58,-0.33
ES,2020-04-07,-0.08,-0.42,0.15,-0.46,-0.56,-0.33
ES,2020-04-08,-0.06,-0.54,0.16,-0.48,-0.57,-0.35
ES,2020-04-09,0.1,-0.52,0.16,-0.45,-0.57,-0.38
ES,2020-04-10,-0.46,-0.66,0.27,-0.74,-0.74,-0.71
ES,2020-04-11,-0.05,-0.65,0.14,-0.56,-0.57,-0.3
ES,2020-04-12,-0.26,-0.75,0.14,-0.67,-0.64,-0.27
ES,2020-04-13,-0.18,-0.53,0.16,-0.49,-0.56,-0.31
ES,2020-04-14,-0.19,-0.45,0.16,-0.49,-0.58,-0.32
ES,2020-04-15,-0.17,-0.47,0.17,-0.5,-0.58,-0.32
ES,2020-04-16,-0.12,-0.47,0.17,-0.52,-0.57,-0.32
ES,2020-04-17,-0.05,-0.55,0.18,-0.53,-0.55,-0.3
ES,2020-04-18,-0.11,-0.63,0.13,-0.59,-0.56,-0.24
ES,2020-04-19,-0.21,-0.66,0.14,-0.67,-0.66,-0.25
ES,2020-04-20,-0.37,-0.48,0.21,-0.66,-0.71,-0.61
ES,2020-04-21,-0.46,-0.44,0.21,-0.71,-0.76,-0.68
ES,2020-04-22,-0.1,-0.43,0.14,-0.48,-0.54,-0.27
ES,2020-04-23,-0.14,-0.46,0.16,-0.51,-0.56,-0.28
ES,2020-04-24,-0.12,-0.52,0.16,-0.54,-0.53,-0.25
ES,2020-04-25,-0.13,-0.62,0.13,-0.58,-0.56,-0.2
ES,2020-04-26,-0.24,-0.63,0.14,-0.64,-0.65,-0.22
ES,2020-04-27,-0.18,-0.49,0.15,-0.52,-0.55,-0.24
ES,2020-04-28,-0.17,-0.42,0.12,-0.5,-0.55,-0.26
ES,2020-04-29,-0.16,-0.46,0.15,-0.5,-0.55,-0.26
ES,2020-04-30,0.09,-0.41,0.13,-0.41,-0.5,-0.24
ES,2020-05-01,-0.67,-0.47,0.24,-0.7,-0.74,-0.67
ES,2020-05-02,0.02,-0.55,0.12,-0.52,-0.53,-0.2
GO,2020-02-15,0.05,-0.07,0,0.03,0.04,0.08
GO,2020-02-16,0.02,-0.07,0.01,0.01,0,0.01
GO,2020-02-17,-0.01,-0.06,0,-0.04,0.02,0.18
GO,2020-02-18,-0.02,-0.01,-0.01,-0.01,0.04,0.14
GO,2020-02-19,-0.04,-0.07,0,-0.02,0.01,0.13
GO,2020-02-20,0.04,0.02,-0.01,0.02,0.05,0.13
GO,2020-02-21,0.09,0.02,-0.02,0.02,0.05,0.16
GO,2020-02-22,0.06,0.19,0,-0.03,-0.01,-0.01
GO,2020-02-23,0.06,0.54,0,0.01,-0.06,-0.04
GO,2020-02-24,-0.08,0.45,0.1,-0.22,-0.22,-0.48
GO,2020-02-25,-0.24,0.41,0.1,-0.31,-0.24,-0.63
GO,2020-02-26,-0.1,-0.15,0.05,-0.11,-0.12,-0.11
GO,2020-02-27,-0.01,-0.08,0,-0.07,-0.03,0.1
GO,2020-02-28,0.03,-0.16,0.01,-0.07,-0.05,0.15
GO,2020-02-29,0.04,-0.23,0.04,-0.05,-0.07,0.06
GO,2020-03-01,0.07,-0.15,0.04,-0.02,-0.06,0.03
GO,2020-03-02,0.01,-0.12,0,-0.05,0,0.18
GO,2020-03-03,0.02,-0.04,0,0,0.03,0.14
GO,2020-03-04,0.02,-0.06,-0.01,0.01,0.02,0.14
GO,2020-03-05,0.04,-0.05,-0.01,-0.01,0.02,0.14
GO,2020-03-06,0.11,-0.07,-0.02,0.03,0.06,0.18
GO,2020-03-07,0.14,-0.06,-0.01,0.08,0.06,0.08
GO,2020-03-08,0.12,0,0,0.11,0.03,0.05
GO,2020-03-09,0.06,-0.01,-0.02,0.02,0.07,0.2
GO,2020-03-10,0.06,0.03,-0.02,0.04,0.08,0.16
GO,2020-03-11,0.03,-0.04,-0.02,0.03,0.04,0.15
GO,2020-03-12,0.04,0,-0.01,0.01,0.05,0.13
GO,2020-03-13,0.07,-0.07,-0.01,0,0.03,0.17
GO,2020-03-14,0.07,-0.08,0,-0.02,0,0.07
GO,2020-03-15,0.08,-0.01,0.01,-0.05,-0.03,0.03
GO,2020-03-16,0.07,-0.06,0.02,-0.09,-0.07,0.11
GO,2020-03-17,0.1,-0.09,0.05,-0.13,-0.11,-0.01
GO,2020-03-18,0.06,-0.16,0.08,-0.2,-0.18,-0.08
GO,2020-03-19,0.01,-0.22,0.12,-0.41,-0.26,-0.19
GO,2020-03-20,-0.04,-0.38,0.17,-0.54,-0.38,-0.27
GO,2020-03-21,-0.19,-0.49,0.18,-0.68,-0.47,-0.36
GO,2020-03-22,-0.35,-0.56,0.17,-0.73,-0.57,-0.34
GO,2020-03-23,-0.26,-0.42,0.22,-0.67,-0.53,-0.43
GO,2020-03-24,-0.3,-0.42,0.24,-0.68,-0.56,-0.51
GO,2020-03-25,-0.32,-0.45,0.24,-0.69,-0.58,-0.52
GO,2020-03-26,-0.27,-0.36,0.24,-0.67,-0.53,-0.51
GO,2020-03-27,-0.24,-0.42,0.24,-0.67,-0.53,-0.47
GO,2020-03-28,-0.28,-0.51,0.19,-0.7,-0.54,-0.41
GO,2020-03-29,-0.27,-0.44,0.15,-0.67,-0.5,-0.28
GO,2020-03-30,-0.21,-0.31,0.2,-0.57,-0.47,-0.4
GO,2020-03-31,-0.17,-0.26,0.2,-0.55,-0.45,-0.42
GO,2020-04-01,-0.15,-0.28,0.2,-0.54,-0.45,-0.42
GO,2020-04-02,-0.13,-0.24,0.2,-0.54,-0.44,-0.42
GO,2020-04-03,-0.1,-0.32,0.21,-0.56,-0.44,-0.38
GO,2020-04-04,-0.11,-0.38,0.16,-0.59,-0.41,-0.32
GO,2020-04-05,-0.18,-0.37,0.13,-0.61,-0.45,-0.25
GO,2020-04-06,-0.13,-0.31,0.17,-0.49,-0.43,-0.32
GO,2020-04-07,-0.07,-0.26,0.17,-0.46,-0.39,-0.35
GO,2020-04-08,-0.04,-0.25,0.16,-0.45,-0.38,-0.36
GO,2020-04-09,0.09,-0.14,0.15,-0.42,-0.35,-0.39
GO,2020-04-10,-0.28,-0.3,0.26,-0.7,-0.51,-0.7
GO,2020-04-11,-0.04,-0.32,0.13,-0.56,-0.39,-0.35
GO,2020-04-12,-0.17,-0.36,0.08,-0.59,-0.41,-0.22
GO,2020-04-13,-0.14,-0.28,0.15,-0.47,-0.39,-0.3
GO,2020-04-14,-0.18,-0.35,0.17,-0.5,-0.44,-0.35
GO,2020-04-15,-0.13,-0.32,0.17,-0.48,-0.41,-0.34
GO,2020-04-16,-0.12,-0.32,0.18,-0.49,-0.42,-0.35
GO,2020-04-17,-0.08,-0.36,0.19,-0.51,-0.42,-0.31
GO,2020-04-18,-0.13,-0.47,0.15,-0.59,-0.44,-0.26
GO,2020-04-19,-0.16,-0.44,0.13,-0.62,-0.46,-0.21
GO,2020-04-20,-0.1,-0.28,0.16,-0.46,-0.41,-0.33
GO,2020-04-21,-0.29,-0.33,0.23,-0.65,-0.51,-0.63
GO,2020-04-22,-0.13,-0.31,0.15,-0.42,-0.39,-0.26
GO,2020-04-23,-0.1,-0.27,0.16,-0.42,-0.36,-0.27
GO,2020-04-24,-0.07,-0.32,0.16,-0.45,-0.36,-0.23
GO,2020-04-25,-0.07,-0.36,0.13,-0.49,-0.33,-0.17
GO,2020-04-26,-0.13,-0.35,0.11,-0.55,-0.37,-0.14
GO,2020-04-27,-0.11,-0.25,0.15,-0.41,-0.35,-0.19
GO,2020-04-28,-0.09,-0.22,0.12,-0.39,-0.32,-0.23
GO,2020-04-29,-0.08,-0.23,0.15,-0.38,-0.33,-0.23
GO,2020-04-30,0.08,-0.12,0.12,-0.33,-0.26,-0.23
GO,2020-05-01,-0.11,-0.21,0.22,-0.62,-0.41,-0.6
GO,2020-05-02,-0.04,-0.27,0.12,-0.49,-0.33,-0.22
MA,2020-02-15,0,-0.08,0.01,-0.03,-0.07,0.02
MA,2020-02-16,0.02,-0.08,0.02,-0.03,-0.06,0.01
MA,2020-02-17,-0.03,-0.06,0.01,-0.04,-0.07,0.12
MA,2020-02-18,0.04,0.01,-0.01,0,-0.02,0.13
MA,2020-02-19,0,-0.08,0,-0.03,0,0.1
MA,2020-02-20,0.06,-0.02,0,-0.02,0.02,0.1
MA,2020-02-21,0.1,-0.14,0,-0.01,0.1,0.09
MA,2020-02-22,0.12,-0.04,0,-0.03,0.18,-0.03
MA,2020-02-23,0.09,0.47,-0.01,-0.01,-0.08,-0.01
MA,2020-02-24,-0.07,0.71,0.06,-0.2,-0.4,-0.46
MA,2020-02-25,-0.25,0.68,0.06,-0.29,-0.34,-0.57
MA,2020-02-26,-0.16,0.12,0.05,-0.19,-0.08,-0.35
MA,2020-02-27,-0.02,-0.08,0.02,-0.11,-0.05,0.05
MA,2020-02-28,0.03,-0.16,0.02,-0.08,-0.14,0.09
MA,2020-02-29,0.06,-0.24,0.04,-0.07,-0.14,0.03
MA,2020-03-01,0.04,-0.16,0.05,-0.1,-0.08,0
MA,2020-03-02,0.04,-0.04,0,-0.04,-0.05,0.14
MA,2020-03-03,0.03,-0.09,0,-0.05,-0.06,0.13
MA,2020-03-04,0.04,-0.1,0,-0.04,-0.01,0.12
MA,2020-03-05,0.04,-0.05,0,-0.05,-0.02,0.12
MA,2020-03-06,0.08,-0.09,0,0.02,-0.03,0.15
MA,2020-03-07,0.1,-0.2,0.02,0.02,-0.09,0.05
MA,2020-03-08,0.09,-0.13,0.02,0.05,-0.08,0.05
MA,2020-03-09,-0.07,-0.15,0.01,-0.11,-0.06,0.14
MA,2020-03-10,0.1,-0.02,-0.02,0.03,-0.04,0.15
MA,2020-03-11,0.03,-0.1,-0.01,-0.01,-0.02,0.13
MA,2020-03-12,0.02,-0.07,0,-0.05,-0.03,0.13
MA,2020-03-13,0,-0.17,0,-0.06,-0.04,0.14
MA,2020-03-14,0.03,-0.27,0.02,-0.07,-0.12,0.04
MA,2020-03-15,0.02,-0.22,0.04,-0.13,-0.13,0
MA,2020-03-16,0.01,-0.12,0,-0.1,-0.12,0.1
MA,2020-03-17,0.1,-0.11,0.01,-0.1,-0.11,0.02
MA,2020-03-18,0.05,-0.19,0.04,-0.16,-0.16,-0.06
MA,2020-03-19,0.01,-0.25,0.06,-0.27,-0.23,-0.12
MA,2020-03-20,0.01,-0.4,0.08,-0.34,-0.29,-0.13
MA,2020-03-21,0.01,-0.51,0.09,-0.5,-0.4,-0.15
MA,2020-03-22,-0.18,-0.56,0.11,-0.64,-0.55,-0.22
MA,2020-03-23,-0.18,-0.43,0.14,-0.6,-0.58,-0.37
MA,2020-03-24,-0.27,-0.49,0.15,-0.64,-0.62,-0.45
MA,2020-03-25,-0.3,-0.53,0.17,-0.66,-0.64,-0.48
MA,2020-03-26,-0.26,-0.46,0.15,-0.64,-0.64,-0.45
MA,2020-03-27,-0.25,-0.51,0.16,-0.63,-0.66,-0.43
MA,2020-03-28,-0.23,-0.51,0.13,-0.63,-0.64,-0.33
MA,2020-03-29,-0.27,-0.48,0.11,-0.63,-0.66,-0.2
MA,2020-03-30,-0.2,-0.4,0.14,-0.56,-0.64,-0.38
MA,2020-03-31,-0.18,-0.41,0.14,-0.55,-0.6,-0.38
MA,2020-04-01,-0.13,-0.44,0.15,-0.54,-0.59,-0.39
MA,2020-04-02,-0.12,-0.39,0.15,-0.53,-0.6,-0.38
MA,2020-04-03,-0.11,-0.45,0.16,-0.54,-0.61,-0.36
MA,2020-04-04,-0.1,-0.49,0.14,-0.57,-0.62,-0.26
MA,2020-04-05,-0.18,-0.48,0.12,-0.59,-0.64,-0.18
MA,2020-04-06,-0.08,-0.34,0.15,-0.48,-0.59,-0.33
MA,2020-04-07,0.02,-0.29,0.12,-0.43,-0.55,-0.33
MA,2020-04-08,-0.04,-0.39,0.13,-0.49,-0.58,-0.36
MA,2020-04-09,0.08,-0.31,0.12,-0.49,-0.61,-0.42
MA,2020-04-10,-0.7,-0.5,0.21,-0.76,-0.8,-0.67
MA,2020-04-11,-0.1,-0.46,0.13,-0.57,-0.68,-0.34
MA,2020-04-12,-0.25,-0.49,0.1,-0.6,-0.69,-0.2
MA,2020-04-13,-0.18,-0.37,0.15,-0.49,-0.62,-0.33
MA,2020-04-14,-0.22,-0.43,0.15,-0.52,-0.59,-0.35
MA,2020-04-15,-0.12,-0.37,0.15,-0.47,-0.59,-0.34
MA,2020-04-16,-0.19,-0.44,0.16,-0.53,-0.61,-0.35
MA,2020-04-17,-0.19,-0.48,0.17,-0.53,-0.63,-0.34
MA,2020-04-18,-0.17,-0.51,0.14,-0.57,-0.63,-0.24
MA,2020-04-19,-0.25,-0.5,0.13,-0.61,-0.68,-0.18
MA,2020-04-20,-0.14,-0.37,0.15,-0.49,-0.64,-0.33
MA,2020-04-21,-0.35,-0.51,0.19,-0.67,-0.74,-0.56
MA,2020-04-22,-0.15,-0.41,0.14,-0.49,-0.6,-0.34
MA,2020-04-23,-0.18,-0.42,0.16,-0.53,-0.63,-0.35
MA,2020-04-24,-0.18,-0.48,0.17,-0.54,-0.63,-0.33
MA,2020-04-25,-0.17,-0.52,0.14,-0.57,-0.65,-0.24
MA,2020-04-26,-0.25,-0.51,0.13,-0.62,-0.67,-0.17
MA,2020-04-27,-0.18,-0.39,0.16,-0.51,-0.63,-0.32
MA,2020-04-28,-0.1,-0.37,0.11,-0.48,-0.61,-0.33
MA,2020-04-29,-0.09,-0.4,0.14,-0.5,-0.58,-0.35
MA,2020-04-30,0.06,-0.32,0.13,-0.52,-0.58,-0.34
MA,2020-05-01,-0.52,-0.54,0.21,-0.72,-0.73,-0.59
MA,2020-05-02,0,-0.46,0.13,-0.59,-0.63,-0.25
MG,2020-02-15,0.05,0.11,0,0.07,0.1,0.08
MG,2020-02-16,0.05,0.02,0.02,0.03,0.03,0.01
MG,2020-02-17,0,0.01,-0.01,0,0.08,0.19
MG,2020-02-18,0,0.02,-0.01,0.01,0.09,0.17
MG,2020-02-19,0,0.05,-0.01,0.03,0.1,0.16
MG,2020-02-20,0.1,0.12,-0.02,0.11,0.16,0.19
MG,2020-02-21,0.14,0.19,-0.02,0.08,0.23,0.17
MG,2020-02-22,0.1,0.7,-0.01,0.02,0.25,-0.04
MG,2020-02-23,0.14,0.91,0,0.13,0.19,-0.02
MG,2020-02-24,-0.1,0.71,0.09,-0.21,-0.21,-0.52
MG,2020-02-25,-0.29,0.61,0.08,-0.28,-0.21,-0.62
MG,2020-02-26,-0.11,-0.14,0.06,-0.18,-0.11,-0.22
MG,2020-02-27,0.02,-0.09,0.01,-0.04,0.05,0.13
MG,2020-02-28,0.03,-0.16,0.02,-0.06,0.02,0.14
MG,2020-02-29,0.04,-0.16,0.04,-0.05,-0.04,0.05
MG,2020-03-01,0.05,-0.26,0.05,-0.11,-0.06,-0.01
MG,2020-03-02,0.01,-0.12,0.01,-0.07,0.03,0.16
MG,2020-03-03,0.01,-0.11,0,-0.04,0.04,0.16
MG,2020-03-04,0.03,-0.05,0,0,0.06,0.16
MG,2020-03-05,0.06,-0.01,0,0.04,0.09,0.19
MG,2020-03-06,0.13,-0.01,-0.02,0.08,0.14,0.21
MG,2020-03-07,0.14,-0.02,0.01,0.09,0.08,0.08
MG,2020-03-08,0.15,0,0.02,0.11,0.04,0.05
MG,2020-03-09,0.06,0.03,-0.01,0.03,0.11,0.22
MG,2020-03-10,0.06,0.01,-0.02,0.03,0.11,0.18
MG,2020-03-11,0.05,0.01,-0.01,0.04,0.11,0.17
MG,2020-03-12,0.07,0.02,-0.01,0.05,0.11,0.19
MG,2020-03-13,0.11,0.03,-0.02,0.07,0.16,0.21
MG,2020-03-14,0.09,0.05,0.01,0.03,0.06,0.08
MG,2020-03-15,0.12,0.04,0.01,0,0.02,0.04
MG,2020-03-16,0.09,-0.05,0,-0.04,0.04,0.18
MG,2020-03-17,0.1,-0.15,0.02,-0.13,-0.04,0.09
MG,2020-03-18,0.1,-0.19,0.06,-0.19,-0.13,-0.03
MG,2020-03-19,0.12,-0.25,0.09,-0.25,-0.2,-0.09
MG,2020-03-20,0.07,-0.34,0.11,-0.37,-0.29,-0.16
MG,2020-03-21,-0.14,-0.49,0.15,-0.6,-0.46,-0.28
MG,2020-03-22,-0.32,-0.59,0.16,-0.7,-0.57,-0.34
MG,2020-03-23,-0.26,-0.48,0.19,-0.61,-0.53,-0.38
MG,2020-03-24,-0.31,-0.5,0.2,-0.65,-0.56,-0.46
MG,2020-03-25,-0.31,-0.47,0.21,-0.64,-0.56,-0.47
MG,2020-03-26,-0.27,-0.44,0.21,-0.62,-0.56,-0.45
MG,2020-03-27,-0.22,-0.44,0.21,-0.61,-0.54,-0.43
MG,2020-03-28,-0.24,-0.44,0.17,-0.66,-0.54,-0.38
MG,2020-03-29,-0.29,-0.46,0.15,-0.66,-0.57,-0.3
MG,2020-03-30,-0.26,-0.41,0.18,-0.56,-0.52,-0.38
MG,2020-03-31,-0.19,-0.4,0.17,-0.54,-0.5,-0.4
MG,2020-04-01,-0.19,-0.4,0.18,-0.54,-0.5,-0.4
MG,2020-04-02,-0.15,-0.38,0.18,-0.52,-0.49,-0.38
MG,2020-04-03,-0.11,-0.39,0.18,-0.54,-0.48,-0.36
MG,2020-04-04,-0.1,-0.38,0.15,-0.58,-0.47,-0.31
MG,2020-04-05,-0.19,-0.41,0.13,-0.62,-0.52,-0.27
MG,2020-04-06,-0.12,-0.33,0.16,-0.48,-0.45,-0.33
MG,2020-04-07,-0.07,-0.33,0.15,-0.46,-0.44,-0.35
MG,2020-04-08,-0.06,-0.33,0.16,-0.46,-0.44,-0.35
MG,2020-04-09,0.16,-0.28,0.14,-0.4,-0.4,-0.36
MG,2020-04-10,-0.46,-0.46,0.27,-0.75,-0.66,-0.73
MG,2020-04-11,0.02,-0.33,0.14,-0.54,-0.44,-0.32
MG,2020-04-12,-0.17,-0.42,0.1,-0.61,-0.5,-0.22
MG,2020-04-13,-0.14,-0.32,0.15,-0.46,-0.44,-0.3
MG,2020-04-14,-0.16,-0.37,0.16,-0.49,-0.46,-0.33
MG,2020-04-15,-0.14,-0.36,0.16,-0.49,-0.45,-0.33
MG,2020-04-16,-0.05,-0.32,0.17,-0.5,-0.4,-0.31
MG,2020-04-17,-0.02,-0.32,0.17,-0.51,-0.37,-0.29
MG,2020-04-18,-0.09,-0.35,0.13,-0.59,-0.42,-0.24
MG,2020-04-19,-0.16,-0.39,0.12,-0.64,-0.51,-0.22
MG,2020-04-20,-0.04,-0.24,0.15,-0.49,-0.42,-0.35
MG,2020-04-21,-0.37,-0.37,0.21,-0.71,-0.61,-0.65
MG,2020-04-22,-0.1,-0.3,0.14,-0.5,-0.4,-0.29
MG,2020-04-23,-0.1,-0.3,0.16,-0.5,-0.4,-0.28
MG,2020-04-24,-0.06,-0.32,0.15,-0.51,-0.39,-0.25
MG,2020-04-25,-0.08,-0.31,0.13,-0.57,-0.4,-0.21
MG,2020-04-26,-0.15,-0.35,0.11,-0.61,-0.47,-0.18
MG,2020-04-27,-0.14,-0.28,0.15,-0.49,-0.39,-0.24
MG,2020-04-28,-0.1,-0.28,0.11,-0.48,-0.38,-0.26
MG,2020-04-29,-0.1,-0.28,0.14,-0.47,-0.38,-0.27
MG,2020-04-30,0.11,-0.21,0.12,-0.39,-0.34,-0.23
MG,2020-05-01,-0.3,-0.32,0.22,-0.68,-0.58,-0.63
MG,2020-05-02,-0.02,-0.24,0.12,-0.54,-0.42,-0.23
MS,2020-02-15,0.05,0.01,0,0.06,0.02,0.05
MS,2020-02-16,0.04,-0.05,0.01,-0.01,-0.04,0
MS,2020-02-17,0.01,0,-0.01,-0.01,0.07,0.16
MS,2020-02-18,0.01,0.05,-0.01,0,0.05,0.15
MS,2020-02-19,-0.02,-0.06,-0.01,-0.07,0.04,0.2
MS,2020-02-20,-0.01,-0.2,0,-0.08,0.02,0.18
MS,2020-02-21,0.08,0.01,-0.02,0.04,0.09,0.18
MS,2020-02-22,0.07,0.19,-0.01,0.04,0.06,0.01
MS,2020-02-23,0.05,0.23,0,0.03,-0.01,-0.01
MS,2020-02-24,0,0.36,0.04,-0.05,-0.16,-0.28
MS,2020-02-25,-0.24,0.18,0.09,-0.32,-0.32,-0.55
MS,2020-02-26,-0.09,-0.22,0.08,-0.21,-0.17,-0.09
MS,2020-02-27,0.03,-0.07,-0.01,-0.07,0.08,0.19
MS,2020-02-28,0.05,0.01,-0.02,-0.02,0.07,0.21
MS,2020-02-29,0.08,-0.01,0.02,0.01,-0.02,0.08
MS,2020-03-01,0.09,-0.06,0.03,-0.04,-0.05,0.03
MS,2020-03-02,0.05,0.01,-0.02,-0.02,0.09,0.22
MS,2020-03-03,0.05,0.06,-0.02,0,0.07,0.21
MS,2020-03-04,0.05,0.07,-0.02,-0.03,0.09,0.24
MS,2020-03-05,0.1,0.01,-0.02,0.02,0.13,0.23
MS,2020-03-06,0.17,0.14,-0.04,0.13,0.15,0.24
MS,2020-03-07,0.18,0.11,-0.01,0.16,0.08,0.08
MS,2020-03-08,0.16,0.03,0,0.13,0.01,0.05
MS,2020-03-09,0.08,0.08,-0.02,0.02,0.13,0.23
MS,2020-03-10,0.09,0.11,-0.03,0.05,0.13,0.22
MS,2020-03-11,0.05,0.09,-0.02,-0.01,0.13,0.24
MS,2020-03-12,0.06,0.01,-0.02,-0.01,0.12,0.22
MS,2020-03-13,0.08,0.07,-0.03,0.05,0.13,0.23
MS,2020-03-14,0.08,0.04,0,0.03,0.03,0.06
MS,2020-03-15,0.08,-0.01,0.01,-0.04,-0.05,0.03
MS,2020-03-16,0.06,-0.06,0,-0.1,0.03,0.19
MS,2020-03-17,0.06,-0.08,0,-0.13,-0.06,0.14
MS,2020-03-18,0.06,-0.14,0.04,-0.22,-0.12,0.07
MS,2020-03-19,0.02,-0.33,0.07,-0.34,-0.23,-0.04
MS,2020-03-20,0.05,-0.3,0.08,-0.35,-0.27,-0.08
MS,2020-03-21,-0.1,-0.51,0.12,-0.57,-0.52,-0.23
MS,2020-03-22,-0.34,-0.59,0.14,-0.7,-0.64,-0.29
MS,2020-03-23,-0.25,-0.52,0.16,-0.62,-0.65,-0.33
MS,2020-03-24,-0.3,-0.5,0.17,-0.66,-0.69,-0.41
MS,2020-03-25,-0.31,-0.49,0.18,-0.67,-0.69,-0.4
MS,2020-03-26,-0.29,-0.51,0.18,-0.65,-0.68,-0.39
MS,2020-03-27,-0.26,-0.45,0.18,-0.63,-0.66,-0.37
MS,2020-03-28,-0.28,-0.54,0.15,-0.68,-0.66,-0.34
MS,2020-03-29,-0.33,-0.56,0.14,-0.68,-0.68,-0.26
MS,2020-03-30,-0.23,-0.44,0.15,-0.53,-0.64,-0.31
MS,2020-03-31,-0.18,-0.42,0.14,-0.5,-0.62,-0.31
MS,2020-04-01,-0.15,-0.38,0.14,-0.5,-0.61,-0.28
MS,2020-04-02,-0.12,-0.42,0.14,-0.49,-0.6,-0.29
MS,2020-04-03,-0.06,-0.37,0.14,-0.48,-0.58,-0.27
MS,2020-04-04,-0.07,-0.43,0.12,-0.53,-0.54,-0.24
MS,2020-04-05,-0.2,-0.44,0.11,-0.59,-0.58,-0.2
MS,2020-04-06,-0.08,-0.32,0.12,-0.39,-0.47,-0.22
MS,2020-04-07,0,-0.26,0.11,-0.33,-0.45,-0.22
MS,2020-04-08,0.02,-0.21,0.11,-0.34,-0.41,-0.19
MS,2020-04-09,0.19,-0.22,0.09,-0.28,-0.38,-0.25
MS,2020-04-10,-0.36,-0.47,0.21,-0.7,-0.68,-0.67
MS,2020-04-11,0.03,-0.3,0.11,-0.4,-0.42,-0.23
MS,2020-04-12,-0.18,-0.45,0.08,-0.56,-0.53,-0.13
MS,2020-04-13,-0.12,-0.25,0.1,-0.36,-0.4,-0.17
MS,2020-04-14,-0.12,-0.33,0.11,-0.38,-0.44,-0.2
MS,2020-04-15,-0.08,-0.3,0.12,-0.38,-0.43,-0.17
MS,2020-04-16,-0.07,-0.33,0.13,-0.37,-0.42,-0.18
MS,2020-04-17,-0.05,-0.28,0.13,-0.35,-0.39,-0.16
MS,2020-04-18,-0.07,-0.35,0.1,-0.41,-0.39,-0.12
MS,2020-04-19,-0.15,-0.39,0.09,-0.52,-0.51,-0.13
MS,2020-04-20,-0.03,-0.22,0.1,-0.3,-0.41,-0.24
MS,2020-04-21,-0.3,-0.36,0.18,-0.61,-0.64,-0.59
MS,2020-04-22,-0.09,-0.26,0.1,-0.35,-0.39,-0.12
MS,2020-04-23,-0.09,-0.31,0.11,-0.35,-0.38,-0.13
MS,2020-04-24,-0.08,-0.27,0.1,-0.35,-0.37,-0.11
MS,2020-04-25,-0.06,-0.32,0.09,-0.38,-0.36,-0.09
MS,2020-04-26,-0.14,-0.37,0.09,-0.48,-0.47,-0.09
MS,2020-04-27,-0.11,-0.28,0.11,-0.33,-0.37,-0.1
MS,2020-04-28,-0.09,-0.25,0.06,-0.31,-0.37,-0.12
MS,2020-04-29,-0.06,-0.2,0.1,-0.31,-0.36,-0.09
MS,2020-04-30,0.11,-0.17,0.07,-0.22,-0.3,-0.1
MS,2020-05-01,-0.19,-0.33,0.17,-0.59,-0.6,-0.59
MS,2020-05-02,0.02,-0.21,0.09,-0.33,-0.37,-0.13
MT,2020-02-15,0.01,-0.12,0.01,0,0,0.03
MT,2020-02-16,0.03,-0.06,0.01,0.03,0,0.02
MT,2020-02-17,-0.01,-0.05,0,-0.03,0.03,0.12
MT,2020-02-18,-0.03,-0.05,0,-0.03,0.04,0.11
MT,2020-02-19,-0.03,-0.06,-0.01,-0.04,0.02,0.11
MT,2020-02-20,0.03,-0.01,-0.01,0.02,0.04,0.1
MT,2020-02-21,0.03,-0.07,0,0,0.08,0.11
MT,2020-02-22,0.01,-0.16,0.01,-0.06,0.01,-0.02
MT,2020-02-23,-0.01,-0.09,0.01,-0.03,-0.11,-0.04
MT,2020-02-24,0,0.12,0.05,-0.04,-0.18,-0.28
MT,2020-02-25,-0.25,0.12,0.1,-0.32,-0.27,-0.57
MT,2020-02-26,-0.07,-0.11,0.04,-0.13,-0.08,-0.05
MT,2020-02-27,0.01,-0.01,0,-0.04,0.01,0.09
MT,2020-02-28,-0.01,-0.09,0.01,-0.07,-0.02,0.13
MT,2020-02-29,0.01,-0.16,0.03,-0.04,-0.05,0.05
MT,2020-03-01,0.05,-0.12,0.03,-0.04,-0.05,0.03
MT,2020-03-02,0.02,-0.06,0,-0.04,0.02,0.13
MT,2020-03-03,0,-0.06,0,-0.02,0.05,0.13
MT,2020-03-04,0.01,-0.04,0,-0.02,0.04,0.13
MT,2020-03-05,0.08,0.04,-0.01,0.05,0.07,0.13
MT,2020-03-06,0.1,0,-0.01,0.07,0.08,0.15
MT,2020-03-07,0.14,0.04,0,0.13,0.06,0.08
MT,2020-03-08,0.12,0,0,0.13,0.03,0.06
MT,2020-03-09,0.07,-0.02,0,0.03,0.07,0.14
MT,2020-03-10,0.07,0.01,-0.01,0.05,0.11,0.13
MT,2020-03-11,0.02,-0.04,-0.01,0,0.07,0.12
MT,2020-03-12,0.06,0,-0.01,0.04,0.08,0.12
MT,2020-03-13,0.05,-0.05,-0.01,0.02,0.08,0.14
MT,2020-03-14,0.05,-0.05,0.01,0.02,0.03,0.05
MT,2020-03-15,0.05,-0.06,0.01,-0.02,0,0.03
MT,2020-03-16,0.04,-0.11,0,-0.05,0,0.13
MT,2020-03-17,0.06,-0.14,0.01,-0.1,-0.04,0.09
MT,2020-03-18,0.06,-0.16,0.03,-0.16,-0.09,0.04
MT,2020-03-19,0.07,-0.19,0.05,-0.21,-0.15,-0.03
MT,2020-03-20,0,-0.38,0.09,-0.35,-0.26,-0.09
MT,2020-03-21,-0.07,-0.46,0.1,-0.5,-0.36,-0.17
MT,2020-03-22,-0.33,-0.56,0.12,-0.68,-0.53,-0.27
MT,2020-03-23,-0.27,-0.53,0.17,-0.63,-0.62,-0.36
MT,2020-03-24,-0.34,-0.53,0.19,-0.69,-0.66,-0.44
MT,2020-03-25,-0.32,-0.47,0.18,-0.67,-0.64,-0.44
MT,2020-03-26,-0.29,-0.44,0.18,-0.63,-0.61,-0.42
MT,2020-03-27,-0.26,-0.44,0.18,-0.59,-0.6,-0.36
MT,2020-03-28,-0.25,-0.43,0.13,-0.61,-0.58,-0.3
MT,2020-03-29,-0.3,-0.44,0.11,-0.63,-0.59,-0.22
MT,2020-03-30,-0.21,-0.4,0.14,-0.48,-0.55,-0.28
MT,2020-03-31,-0.18,-0.39,0.13,-0.47,-0.53,-0.29
MT,2020-04-01,-0.16,-0.35,0.13,-0.45,-0.51,-0.28
MT,2020-04-02,-0.12,-0.31,0.13,-0.42,-0.49,-0.27
MT,2020-04-03,-0.11,-0.36,0.14,-0.45,-0.48,-0.25
MT,2020-04-04,-0.09,-0.37,0.11,-0.48,-0.46,-0.2
MT,2020-04-05,-0.19,-0.38,0.09,-0.57,-0.52,-0.19
MT,2020-04-06,-0.08,-0.37,0.12,-0.36,-0.46,-0.22
MT,2020-04-07,-0.05,-0.36,0.11,-0.36,-0.42,-0.23
MT,2020-04-08,-0.05,-0.33,0.13,-0.39,-0.49,-0.32
MT,2020-04-09,0.17,-0.23,0.08,-0.27,-0.37,-0.27
MT,2020-04-10,-0.45,-0.39,0.23,-0.72,-0.61,-0.71
MT,2020-04-11,0,-0.3,0.11,-0.43,-0.43,-0.24
MT,2020-04-12,-0.18,-0.38,0.06,-0.55,-0.49,-0.15
MT,2020-04-13,-0.14,-0.36,0.11,-0.37,-0.45,-0.2
MT,2020-04-14,-0.17,-0.42,0.13,-0.41,-0.48,-0.22
MT,2020-04-15,-0.11,-0.35,0.12,-0.38,-0.45,-0.21
MT,2020-04-16,-0.08,-0.31,0.12,-0.36,-0.43,-0.21
MT,2020-04-17,-0.07,-0.34,0.14,-0.39,-0.43,-0.19
MT,2020-04-18,-0.09,-0.35,0.09,-0.46,-0.43,-0.14
MT,2020-04-19,-0.17,-0.36,0.08,-0.53,-0.48,-0.14
MT,2020-04-20,-0.04,-0.29,0.1,-0.35,-0.44,-0.23
MT,2020-04-21,-0.32,-0.29,0.18,-0.64,-0.59,-0.62
MT,2020-04-22,-0.11,-0.3,0.1,-0.37,-0.44,-0.18
MT,2020-04-23,-0.08,-0.27,0.11,-0.35,-0.43,-0.18
MT,2020-04-24,-0.09,-0.32,0.12,-0.39,-0.42,-0.15
MT,2020-04-25,-0.08,-0.28,0.09,-0.41,-0.39,-0.1
MT,2020-04-26,-0.15,-0.28,0.07,-0.47,-0.45,-0.1
MT,2020-04-27,-0.11,-0.26,0.11,-0.32,-0.42,-0.13
MT,2020-04-28,-0.1,-0.25,0.07,-0.31,-0.39,-0.14
MT,2020-04-29,-0.08,-0.22,0.1,-0.32,-0.38,-0.14
MT,2020-04-30,0.12,-0.13,0.06,-0.22,-0.31,-0.14
MT,2020-05-01,-0.27,-0.16,0.18,-0.61,-0.51,-0.62
MT,2020-05-02,0,-0.16,0.08,-0.37,-0.37,-0.14
PA,2020-02-15,0.01,-0.05,0,0,0.06,0.05
PA,2020-02-16,0,-0.08,0.01,0.01,0.01,0.01
PA,2020-02-17,-0.03,-0.08,0,-0.04,0.02,0.15
PA,2020-02-18,-0.03,-0.1,0,-0.03,0.01,0.12
PA,2020-02-19,-0.04,-0.08,0,-0.03,-0.01,0.11
PA,2020-02-20,-0.05,-0.16,0.01,-0.07,0.02,0.09
PA,2020-02-21,0.04,-0.06,0,-0.01,0.12,0.13
PA,2020-02-22,0.04,0.17,0,-0.04,0.24,0
PA,2020-02-23,0.02,0.33,0.01,-0.02,-0.05,0
PA,2020-02-24,-0.07,0.53,0.06,-0.08,-0.19,-0.35
PA,2020-02-25,-0.3,0.48,0.08,-0.28,-0.23,-0.57
PA,2020-02-26,-0.17,-0.09,0.05,-0.22,-0.02,-0.27
PA,2020-02-27,0,-0.11,0.01,-0.08,0.01,0.08
PA,2020-02-28,0.01,-0.21,0.02,-0.08,-0.06,0.11
PA,2020-02-29,0.07,-0.12,0.02,-0.03,-0.01,0.06
PA,2020-03-01,0.06,-0.06,0.03,-0.04,-0.03,0.03
PA,2020-03-02,0.04,-0.09,0,-0.02,0.02,0.18
PA,2020-03-03,0.02,-0.14,0,-0.04,-0.01,0.13
PA,2020-03-04,0.05,-0.05,0,0.01,0.01,0.13
PA,2020-03-05,0.08,-0.02,0,0.03,0.05,0.13
PA,2020-03-06,0.08,-0.12,0,0.04,0.05,0.17
PA,2020-03-07,0.05,-0.18,0.03,-0.04,0.04,0.04
PA,2020-03-08,0.12,-0.14,0.02,0.08,-0.04,0.06
PA,2020-03-09,-0.01,-0.14,0.03,-0.03,-0.04,0.11
PA,2020-03-10,0.07,-0.07,-0.02,0.03,0.03,0.16
PA,2020-03-11,-0.02,-0.11,0,-0.03,-0.05,0.13
PA,2020-03-12,-0.02,-0.17,0.01,-0.07,0.01,0.13
PA,2020-03-13,0.03,-0.15,0,0,0.04,0.16
PA,2020-03-14,0.03,-0.21,0.02,-0.05,-0.01,0.06
PA,2020-03-15,-0.01,-0.32,0.04,-0.13,-0.14,0.01
PA,2020-03-16,0.06,-0.08,-0.01,-0.03,-0.02,0.19
PA,2020-03-17,0.07,-0.11,0,-0.07,-0.04,0.12
PA,2020-03-18,0.08,-0.16,0.04,-0.13,-0.07,0.01
PA,2020-03-19,0.04,-0.26,0.08,-0.25,-0.12,-0.1
PA,2020-03-20,0.06,-0.34,0.1,-0.3,-0.18,-0.11
PA,2020-03-21,-0.07,-0.48,0.12,-0.52,-0.26,-0.16
PA,2020-03-22,-0.22,-0.59,0.13,-0.64,-0.5,-0.21
PA,2020-03-23,-0.17,-0.42,0.15,-0.52,-0.46,-0.27
PA,2020-03-24,-0.24,-0.46,0.15,-0.57,-0.53,-0.36
PA,2020-03-25,-0.23,-0.43,0.16,-0.56,-0.56,-0.37
PA,2020-03-26,-0.22,-0.43,0.15,-0.55,-0.52,-0.37
PA,2020-03-27,-0.19,-0.47,0.16,-0.55,-0.53,-0.34
PA,2020-03-28,-0.22,-0.49,0.13,-0.58,-0.55,-0.26
PA,2020-03-29,-0.25,-0.53,0.12,-0.61,-0.64,-0.19
PA,2020-03-30,-0.2,-0.41,0.14,-0.49,-0.53,-0.29
PA,2020-03-31,-0.15,-0.41,0.13,-0.46,-0.5,-0.3
PA,2020-04-01,-0.1,-0.36,0.13,-0.44,-0.47,-0.3
PA,2020-04-02,-0.09,-0.35,0.14,-0.44,-0.46,-0.29
PA,2020-04-03,-0.07,-0.42,0.16,-0.46,-0.48,-0.27
PA,2020-04-04,-0.08,-0.45,0.12,-0.51,-0.48,-0.2
PA,2020-04-05,-0.16,-0.53,0.12,-0.58,-0.62,-0.18
PA,2020-04-06,-0.07,-0.33,0.12,-0.41,-0.48,-0.25
PA,2020-04-07,-0.05,-0.33,0.11,-0.41,-0.44,-0.28
PA,2020-04-08,-0.05,-0.35,0.12,-0.42,-0.49,-0.29
PA,2020-04-09,0.07,-0.31,0.11,-0.4,-0.48,-0.32
PA,2020-04-10,-0.5,-0.56,0.23,-0.72,-0.8,-0.67
PA,2020-04-11,-0.07,-0.49,0.14,-0.5,-0.57,-0.25
PA,2020-04-12,-0.2,-0.59,0.12,-0.6,-0.69,-0.19
PA,2020-04-13,-0.15,-0.38,0.14,-0.45,-0.58,-0.26
PA,2020-04-14,-0.23,-0.47,0.16,-0.52,-0.52,-0.32
PA,2020-04-15,-0.12,-0.36,0.15,-0.46,-0.49,-0.3
PA,2020-04-16,-0.11,-0.34,0.15,-0.45,-0.46,-0.3
PA,2020-04-17,-0.16,-0.48,0.2,-0.52,-0.57,-0.32
PA,2020-04-18,-0.1,-0.47,0.14,-0.54,-0.58,-0.21
PA,2020-04-19,-0.21,-0.57,0.14,-0.62,-0.7,-0.2
PA,2020-04-20,-0.09,-0.36,0.15,-0.46,-0.59,-0.33
PA,2020-04-21,-0.36,-0.47,0.21,-0.67,-0.71,-0.6
PA,2020-04-22,-0.1,-0.37,0.14,-0.48,-0.56,-0.32
PA,2020-04-23,-0.11,-0.38,0.15,-0.49,-0.47,-0.32
PA,2020-04-24,-0.13,-0.48,0.17,-0.53,-0.53,-0.31
PA,2020-04-25,-0.12,-0.48,0.14,-0.56,-0.54,-0.22
PA,2020-04-26,-0.2,-0.58,0.15,-0.64,-0.67,-0.21
PA,2020-04-27,-0.1,-0.36,0.17,-0.49,-0.54,-0.3
PA,2020-04-28,-0.07,-0.36,0.13,-0.5,-0.52,-0.34
PA,2020-04-29,-0.07,-0.37,0.16,-0.5,-0.48,-0.35
PA,2020-04-30,0.02,-0.36,0.16,-0.49,-0.48,-0.36
PA,2020-05-01,-0.39,-0.56,0.26,-0.71,-0.74,-0.62
PA,2020-05-02,-0.06,-0.5,0.16,-0.58,-0.57,-0.28
PB,2020-02-15,0.04,-0.2,0.01,0.02,0.06,0.04
PB,2020-02-16,0.04,-0.26,0.03,-0.07,0.09,-0.01
PB,2020-02-17,-0.02,-0.13,-0.01,-0.07,0.07,0.17
PB,2020-02-18,-0.03,-0.16,-0.01,-0.03,0,0.16
PB,2020-02-19,-0.02,-0.14,-0.01,-0.04,0.03,0.14
PB,2020-02-20,0,-0.22,0,-0.04,0.03,0.11
PB,2020-02-21,0.09,-0.2,-0.01,0,0.06,0.14
PB,2020-02-22,0.08,-0.11,0,-0.03,-0.02,-0.05
PB,2020-02-23,0.03,0,0.02,-0.06,-0.19,-0.07
PB,2020-02-24,-0.2,0.61,0.07,-0.23,-0.38,-0.52
PB,2020-02-25,-0.39,0.76,0.04,-0.26,-0.34,-0.6
PB,2020-02-26,-0.13,-0.05,0.03,-0.19,-0.13,-0.23
PB,2020-02-27,-0.01,-0.17,0,-0.09,-0.03,0.12
PB,2020-02-28,0.04,-0.26,0.01,-0.07,-0.06,0.15
PB,2020-02-29,0.08,-0.26,0.03,-0.02,-0.04,0.02
PB,2020-03-01,0.03,-0.42,0.06,-0.17,-0.14,-0.05
PB,2020-03-02,0.03,-0.3,-0.01,-0.07,-0.02,0.2
PB,2020-03-03,0.03,-0.21,-0.01,-0.04,-0.01,0.17
PB,2020-03-04,0.01,-0.21,-0.01,-0.04,0,0.16
PB,2020-03-05,0.04,-0.14,-0.02,-0.02,0.01,0.18
PB,2020-03-06,0.07,-0.2,-0.01,0.01,0.01,0.19
PB,2020-03-07,0.1,-0.26,0.02,0.06,-0.01,0.03
PB,2020-03-08,0.07,-0.22,0.03,0.03,-0.02,0.01
PB,2020-03-09,0.02,-0.23,-0.01,-0.06,-0.02,0.2
PB,2020-03-10,0.02,-0.16,-0.02,-0.01,0.01,0.19
PB,2020-03-11,-0.02,-0.17,-0.01,-0.05,-0.01,0.17
PB,2020-03-12,-0.04,-0.25,-0.01,-0.09,-0.03,0.16
PB,2020-03-13,0.01,-0.3,0,-0.08,-0.02,0.18
PB,2020-03-14,0.04,-0.3,0.02,-0.04,-0.03,0.03
PB,2020-03-15,0.01,-0.4,0.05,-0.17,-0.11,-0.02
PB,2020-03-16,0.01,-0.32,0,-0.14,-0.04,0.18
PB,2020-03-17,0.07,-0.25,0.01,-0.15,-0.09,0.12
PB,2020-03-18,0.02,-0.3,0.06,-0.24,-0.16,-0.06
PB,2020-03-19,-0.01,-0.32,0.08,-0.31,-0.24,-0.13
PB,2020-03-20,0.05,-0.47,0.11,-0.44,-0.29,-0.18
PB,2020-03-21,-0.08,-0.65,0.13,-0.6,-0.43,-0.26
PB,2020-03-22,-0.32,-0.76,0.18,-0.77,-0.58,-0.35
PB,2020-03-23,-0.32,-0.66,0.19,-0.75,-0.64,-0.47
PB,2020-03-24,-0.37,-0.6,0.19,-0.75,-0.64,-0.53
PB,2020-03-25,-0.37,-0.6,0.2,-0.75,-0.66,-0.55
PB,2020-03-26,-0.33,-0.56,0.19,-0.73,-0.61,-0.53
PB,2020-03-27,-0.31,-0.61,0.2,-0.72,-0.65,-0.49
PB,2020-03-28,-0.29,-0.67,0.17,-0.72,-0.61,-0.4
PB,2020-03-29,-0.36,-0.73,0.17,-0.76,-0.64,-0.33
PB,2020-03-30,-0.28,-0.62,0.18,-0.68,-0.64,-0.46
PB,2020-03-31,-0.21,-0.54,0.16,-0.63,-0.61,-0.46
PB,2020-04-01,-0.2,-0.52,0.17,-0.63,-0.6,-0.46
PB,2020-04-02,-0.19,-0.53,0.17,-0.64,-0.61,-0.45
PB,2020-04-03,-0.15,-0.59,0.18,-0.64,-0.58,-0.42
PB,2020-04-04,-0.15,-0.66,0.15,-0.66,-0.58,-0.35
PB,2020-04-05,-0.28,-0.7,0.16,-0.72,-0.6,-0.29
PB,2020-04-06,-0.17,-0.56,0.16,-0.62,-0.6,-0.4
PB,2020-04-07,-0.13,-0.49,0.15,-0.59,-0.59,-0.41
PB,2020-04-08,-0.09,-0.46,0.15,-0.59,-0.57,-0.42
PB,2020-04-09,-0.02,-0.44,0.15,-0.58,-0.57,-0.45
PB,2020-04-10,-0.47,-0.6,0.22,-0.78,-0.68,-0.66
PB,2020-04-11,-0.11,-0.63,0.15,-0.63,-0.57,-0.35
PB,2020-04-12,-0.24,-0.68,0.14,-0.7,-0.58,-0.24
PB,2020-04-13,-0.22,-0.55,0.16,-0.61,-0.59,-0.38
PB,2020-04-14,-0.22,-0.5,0.16,-0.6,-0.6,-0.4
PB,2020-04-15,-0.23,-0.52,0.17,-0.62,-0.59,-0.41
PB,2020-04-16,-0.2,-0.56,0.17,-0.67,-0.61,-0.41
PB,2020-04-17,-0.13,-0.57,0.17,-0.66,-0.57,-0.37
PB,2020-04-18,-0.15,-0.66,0.14,-0.7,-0.54,-0.29
PB,2020-04-19,-0.27,-0.73,0.15,-0.77,-0.6,-0.24
PB,2020-04-20,-0.16,-0.58,0.15,-0.67,-0.57,-0.37
PB,2020-04-21,-0.42,-0.62,0.2,-0.78,-0.69,-0.6
PB,2020-04-22,-0.19,-0.54,0.15,-0.66,-0.58,-0.37
PB,2020-04-23,-0.2,-0.53,0.15,-0.66,-0.59,-0.37
PB,2020-04-24,-0.19,-0.6,0.17,-0.68,-0.59,-0.35
PB,2020-04-25,-0.17,-0.66,0.14,-0.69,-0.55,-0.27
PB,2020-04-26,-0.25,-0.71,0.15,-0.76,-0.6,-0.23
PB,2020-04-27,-0.23,-0.62,0.16,-0.69,-0.59,-0.35
PB,2020-04-28,-0.17,-0.53,0.12,-0.64,-0.56,-0.36
PB,2020-04-29,-0.16,-0.52,0.15,-0.64,-0.54,-0.36
PB,2020-04-30,-0.03,-0.51,0.14,-0.61,-0.53,-0.36
PB,2020-05-01,-0.33,-0.61,0.21,-0.77,-0.65,-0.59
PB,2020-05-02,-0.07,-0.65,0.14,-0.66,-0.53,-0.27
PE,2020-02-15,0.05,0.03,0,0.05,0.07,0.05
PE,2020-02-16,0.04,-0.12,0.02,0.04,0.03,-0.01
PE,2020-02-17,0.03,-0.04,0,-0.02,0.07,0.19
PE,2020-02-18,0.03,0,0,0.01,0.04,0.17
PE,2020-02-19,0.02,0.06,-0.01,0.03,0.08,0.18
PE,2020-02-20,0.04,0.06,-0.01,-0.01,0.03,0.13
PE,2020-02-21,0.18,0.32,0,0.03,0.09,0.05
PE,2020-02-22,0,0.48,0.01,-0.11,0.1,-0.17
PE,2020-02-23,0.09,0.47,0.02,-0.05,0.04,-0.08
PE,2020-02-24,-0.16,1.18,0.09,-0.26,-0.25,-0.56
PE,2020-02-25,-0.35,1.04,0.07,-0.3,-0.29,-0.63
PE,2020-02-26,-0.16,0.19,0.05,-0.21,-0.2,-0.38
PE,2020-02-27,0,-0.08,0.01,-0.09,-0.02,0.08
PE,2020-02-28,0.01,-0.16,0.02,-0.07,0,0.11
PE,2020-02-29,0.05,-0.21,0.04,-0.04,-0.01,0.02
PE,2020-03-01,0.04,-0.34,0.05,-0.07,-0.04,-0.03
PE,2020-03-02,0.05,-0.12,0,-0.05,0.07,0.2
PE,2020-03-03,0.04,-0.11,0,-0.03,0.06,0.17
PE,2020-03-04,0.03,-0.08,0,-0.02,0.09,0.18
PE,2020-03-05,0.11,0,-0.03,0.06,0.12,0.18
PE,2020-03-06,-0.07,-0.1,0.1,-0.18,-0.2,-0.39
PE,2020-03-07,0.08,-0.16,0.03,0.01,0,0
PE,2020-03-08,0.04,-0.22,0.03,0.04,-0.01,0
PE,2020-03-09,0.08,-0.04,-0.01,0,0.1,0.2
PE,2020-03-10,0.07,-0.07,-0.01,0.01,0.09,0.19
PE,2020-03-11,0.01,-0.06,-0.01,-0.02,0.1,0.18
PE,2020-03-12,-0.01,-0.08,-0.01,-0.08,0.03,0.15
PE,2020-03-13,0.01,-0.15,-0.01,-0.05,0.05,0.18
PE,2020-03-14,0.07,-0.22,0.02,-0.04,-0.01,0.04
PE,2020-03-15,0.03,-0.42,0.05,-0.17,-0.14,-0.04
PE,2020-03-16,0.06,-0.24,0.02,-0.16,-0.07,0.11
PE,2020-03-17,0.05,-0.28,0.03,-0.2,-0.14,0.03
PE,2020-03-18,-0.02,-0.3,0.07,-0.29,-0.21,-0.1
PE,2020-03-19,-0.04,-0.34,0.08,-0.35,-0.28,-0.17
PE,2020-03-20,0.01,-0.44,0.09,-0.38,-0.3,-0.19
PE,2020-03-21,-0.13,-0.6,0.12,-0.61,-0.43,-0.27
PE,2020-03-22,-0.33,-0.73,0.15,-0.75,-0.56,-0.36
PE,2020-03-23,-0.31,-0.6,0.18,-0.72,-0.55,-0.46
PE,2020-03-24,-0.37,-0.6,0.18,-0.73,-0.59,-0.52
PE,2020-03-25,-0.36,-0.59,0.19,-0.72,-0.59,-0.52
PE,2020-03-26,-0.34,-0.56,0.18,-0.71,-0.59,-0.51
PE,2020-03-27,-0.31,-0.6,0.21,-0.7,-0.58,-0.49
PE,2020-03-28,-0.29,-0.64,0.18,-0.7,-0.55,-0.41
PE,2020-03-29,-0.35,-0.72,0.17,-0.74,-0.59,-0.35
PE,2020-03-30,-0.28,-0.58,0.2,-0.67,-0.58,-0.46
PE,2020-03-31,-0.23,-0.56,0.18,-0.64,-0.55,-0.47
PE,2020-04-01,-0.23,-0.54,0.18,-0.63,-0.55,-0.46
PE,2020-04-02,-0.23,-0.54,0.18,-0.64,-0.56,-0.47
PE,2020-04-03,-0.17,-0.55,0.19,-0.64,-0.53,-0.44
PE,2020-04-04,-0.16,-0.62,0.16,-0.66,-0.51,-0.37
PE,2020-04-05,-0.26,-0.69,0.16,-0.71,-0.57,-0.31
PE,2020-04-06,-0.16,-0.53,0.19,-0.62,-0.52,-0.42
PE,2020-04-07,-0.12,-0.52,0.17,-0.59,-0.5,-0.43
PE,2020-04-08,-0.08,-0.49,0.17,-0.59,-0.49,-0.43
PE,2020-04-09,0.03,-0.45,0.16,-0.58,-0.48,-0.45
PE,2020-04-10,-0.43,-0.62,0.23,-0.78,-0.65,-0.68
PE,2020-04-11,-0.18,-0.62,0.17,-0.65,-0.53,-0.4
PE,2020-04-12,-0.25,-0.69,0.15,-0.7,-0.57,-0.3
PE,2020-04-13,-0.23,-0.54,0.19,-0.63,-0.53,-0.42
PE,2020-04-14,-0.26,-0.55,0.18,-0.62,-0.54,-0.44
PE,2020-04-15,-0.25,-0.54,0.18,-0.62,-0.54,-0.44
PE,2020-04-16,-0.29,-0.58,0.19,-0.65,-0.57,-0.46
PE,2020-04-17,-0.19,-0.56,0.19,-0.62,-0.52,-0.42
PE,2020-04-18,-0.22,-0.62,0.16,-0.66,-0.5,-0.34
PE,2020-04-19,-0.32,-0.71,0.17,-0.72,-0.59,-0.31
PE,2020-04-20,-0.22,-0.56,0.19,-0.64,-0.55,-0.43
PE,2020-04-21,-0.44,-0.63,0.23,-0.76,-0.67,-0.64
PE,2020-04-22,-0.25,-0.57,0.18,-0.63,-0.54,-0.42
PE,2020-04-23,-0.24,-0.53,0.17,-0.63,-0.54,-0.43
PE,2020-04-24,-0.3,-0.63,0.2,-0.67,-0.57,-0.43
PE,2020-04-25,-0.21,-0.64,0.16,-0.66,-0.52,-0.34
PE,2020-04-26,-0.32,-0.72,0.17,-0.73,-0.61,-0.3
PE,2020-04-27,-0.26,-0.58,0.19,-0.64,-0.56,-0.4
PE,2020-04-28,-0.22,-0.54,0.15,-0.61,-0.52,-0.41
PE,2020-04-29,-0.22,-0.52,0.17,-0.61,-0.52,-0.4
PE,2020-04-30,-0.12,-0.52,0.16,-0.61,-0.5,-0.41
PE,2020-05-01,-0.41,-0.63,0.24,-0.78,-0.67,-0.65
PE,2020-05-02,-0.11,-0.61,0.16,-0.66,-0.49,-0.33
PI,2020-02-15,0,0.06,0.01,-0.04,-0.09,0.03
PI,2020-02-16,0.04,0.02,0.02,0.02,-0.1,0.01
PI,2020-02-17,-0.04,-0.1,0.01,-0.07,-0.03,0.12
PI,2020-02-18,-0.06,-0.11,0.02,-0.08,-0.04,0.11
PI,2020-02-19,-0.02,-0.09,0.01,-0.04,-0.08,0.1
PI,2020-02-20,0.02,0.01,0.01,-0.01,0.03,0.12
PI,2020-02-21,0.03,-0.11,0.01,-0.02,0.13,0.1
PI,2020-02-22,0.06,0.03,0.01,-0.12,0.05,-0.03
PI,2020-02-23,-0.02,0.19,0.01,-0.09,-0.27,-0.02
PI,2020-02-24,-0.23,0.22,0.08,-0.36,-0.42,-0.49
PI,2020-02-25,-0.57,0.29,0.08,-0.43,-0.41,-0.6
PI,2020-02-26,-0.24,-0.03,0.06,-0.29,-0.14,-0.34
PI,2020-02-27,-0.07,-0.08,0.02,-0.14,-0.07,0.09
PI,2020-02-28,-0.02,-0.2,0.03,-0.1,-0.14,0.12
PI,2020-02-29,-0.01,-0.19,0.05,-0.08,-0.1,0.08
PI,2020-03-01,-0.01,-0.19,0.06,-0.12,-0.09,0.01
PI,2020-03-02,-0.04,-0.18,0.01,-0.11,-0.03,0.14
PI,2020-03-03,-0.05,-0.15,0.01,-0.11,-0.06,0.13
PI,2020-03-04,-0.04,-0.14,0.01,-0.11,-0.1,0.12
PI,2020-03-05,-0.04,-0.05,0.01,-0.07,-0.06,0.13
PI,2020-03-06,0,-0.16,0,-0.01,-0.01,0.16
PI,2020-03-07,-0.01,-0.19,0.03,-0.05,-0.08,0.07
PI,2020-03-08,0.03,-0.09,0.03,0.06,-0.13,0.03
PI,2020-03-09,-0.09,-0.16,0.01,-0.11,-0.05,0.14
PI,2020-03-10,-0.04,-0.1,0,-0.06,-0.04,0.14
PI,2020-03-11,-0.07,-0.1,0,-0.07,-0.09,0.13
PI,2020-03-12,-0.09,-0.04,0,-0.06,-0.07,0.14
PI,2020-03-13,-0.11,-0.26,0.02,-0.12,-0.08,0.13
PI,2020-03-14,0,-0.16,0.02,-0.02,-0.12,0.08
PI,2020-03-15,-0.03,-0.17,0.04,-0.1,-0.16,0.02
PI,2020-03-16,-0.09,-0.25,0.02,-0.19,-0.07,0.1
PI,2020-03-17,0,-0.2,0.04,-0.19,-0.1,-0.01
PI,2020-03-18,-0.03,-0.2,0.07,-0.25,-0.2,-0.08
PI,2020-03-19,-0.11,-0.24,0.09,-0.36,-0.26,-0.15
PI,2020-03-20,-0.09,-0.44,0.13,-0.5,-0.36,-0.24
PI,2020-03-21,-0.25,-0.52,0.15,-0.67,-0.51,-0.3
PI,2020-03-22,-0.38,-0.56,0.16,-0.74,-0.64,-0.32
PI,2020-03-23,-0.4,-0.51,0.21,-0.74,-0.67,-0.51
PI,2020-03-24,-0.46,-0.51,0.22,-0.77,-0.7,-0.58
PI,2020-03-25,-0.45,-0.49,0.23,-0.77,-0.76,-0.59
PI,2020-03-26,-0.43,-0.4,0.22,-0.75,-0.76,-0.56
PI,2020-03-27,-0.42,-0.51,0.25,-0.75,-0.75,-0.53
PI,2020-03-28,-0.39,-0.5,0.21,-0.74,-0.77,-0.43
PI,2020-03-29,-0.39,-0.49,0.18,-0.71,-0.76,-0.27
PI,2020-03-30,-0.38,-0.46,0.22,-0.7,-0.74,-0.49
PI,2020-03-31,-0.3,-0.44,0.2,-0.67,-0.72,-0.48
PI,2020-04-01,-0.29,-0.4,0.2,-0.66,-0.72,-0.47
PI,2020-04-02,-0.28,-0.35,0.2,-0.64,-0.73,-0.47
PI,2020-04-03,-0.29,-0.46,0.22,-0.68,-0.73,-0.45
PI,2020-04-04,-0.26,-0.46,0.19,-0.69,-0.73,-0.37
PI,2020-04-05,-0.32,-0.48,0.17,-0.69,-0.77,-0.26
PI,2020-04-06,-0.25,-0.39,0.2,-0.64,-0.71,-0.44
PI,2020-04-07,-0.17,-0.33,0.18,-0.63,-0.72,-0.44
PI,2020-04-08,-0.17,-0.3,0.18,-0.63,-0.75,-0.45
PI,2020-04-09,-0.18,-0.23,0.18,-0.67,-0.77,-0.53
PI,2020-04-10,-0.83,-0.43,0.25,-0.85,-0.89,-0.72
PI,2020-04-11,-0.31,-0.42,0.18,-0.72,-0.8,-0.46
PI,2020-04-12,-0.36,-0.46,0.14,-0.69,-0.83,-0.25
PI,2020-04-13,-0.31,-0.43,0.2,-0.64,-0.69,-0.42
PI,2020-04-14,-0.28,-0.39,0.2,-0.64,-0.72,-0.43
PI,2020-04-15,-0.27,-0.36,0.2,-0.63,-0.73,-0.43
PI,2020-04-16,-0.27,-0.32,0.2,-0.64,-0.72,-0.42
PI,2020-04-17,-0.32,-0.44,0.23,-0.69,-0.77,-0.48
PI,2020-04-18,-0.26,-0.48,0.18,-0.69,-0.73,-0.33
PI,2020-04-19,-0.33,-0.48,0.16,-0.7,-0.79,-0.21
PI,2020-04-20,-0.27,-0.4,0.19,-0.63,-0.72,-0.42
PI,2020-04-21,-0.52,-0.44,0.24,-0.76,-0.83,-0.61
PI,2020-04-22,-0.24,-0.37,0.18,-0.63,-0.72,-0.4
PI,2020-04-23,-0.29,-0.35,0.19,-0.65,-0.73,-0.41
PI,2020-04-24,-0.3,-0.45,0.21,-0.66,-0.73,-0.39
PI,2020-04-25,-0.28,-0.47,0.18,-0.69,-0.74,-0.31
PI,2020-04-26,-0.33,-0.47,0.16,-0.69,-0.79,-0.19
PI,2020-04-27,-0.33,-0.42,0.2,-0.65,-0.73,-0.38
PI,2020-04-28,-0.27,-0.37,0.17,-0.63,-0.7,-0.39
PI,2020-04-29,-0.24,-0.33,0.19,-0.63,-0.7,-0.39
PI,2020-04-30,-0.14,-0.29,0.18,-0.63,-0.67,-0.38
PI,2020-05-01,-0.64,-0.46,0.25,-0.77,-0.8,-0.61
PI,2020-05-02,-0.17,-0.43,0.18,-0.69,-0.73,-0.29
PR,2020-02-15,0.05,-0.04,0,0.05,0.07,0.06
PR,2020-02-16,0.05,-0.12,0.01,0.02,0.05,0
PR,2020-02-17,-0.02,-0.19,-0.01,-0.05,0.08,0.21
PR,2020-02-18,-0.03,-0.13,-0.02,-0.05,0.1,0.19
PR,2020-02-19,-0.02,-0.07,-0.01,-0.05,0.08,0.19
PR,2020-02-20,0.08,0.04,-0.03,0.06,0.15,0.2
PR,2020-02-21,0.08,-0.1,-0.03,0.01,0.19,0.2
PR,2020-02-22,0.07,0.11,0,-0.02,0.1,-0.01
PR,2020-02-23,0.08,0.4,0,0.06,0.05,-0.01
PR,2020-02-24,0,0.57,0.07,-0.13,-0.26,-0.39
PR,2020-02-25,-0.32,0.1,0.12,-0.44,-0.38,-0.63
PR,2020-02-26,-0.07,-0.2,0.06,-0.19,-0.12,-0.08
PR,2020-02-27,0.04,0.03,-0.02,0,0.11,0.19
PR,2020-02-28,0.03,-0.11,-0.01,0,0.1,0.22
PR,2020-02-29,0.06,-0.14,0.02,0.01,0.02,0.07
PR,2020-03-01,0.08,-0.25,0.03,-0.04,-0.02,0.02
PR,2020-03-02,-0.02,-0.31,-0.01,-0.06,0.07,0.23
PR,2020-03-03,-0.01,-0.18,-0.02,-0.04,0.1,0.21
PR,2020-03-04,0,-0.03,-0.02,-0.01,0.11,0.22
PR,2020-03-05,0.06,0.01,-0.03,0.05,0.15,0.22
PR,2020-03-06,0.11,-0.09,-0.03,0.07,0.17,0.24
PR,2020-03-07,0.14,-0.06,-0.01,0.13,0.11,0.08
PR,2020-03-08,0.14,-0.08,0,0.15,0.09,0.04
PR,2020-03-09,0.02,-0.17,-0.02,0,0.12,0.24
PR,2020-03-10,0.02,-0.08,-0.03,0,0.14,0.22
PR,2020-03-11,0.02,0.03,-0.02,0,0.14,0.22
PR,2020-03-12,0.06,0.05,-0.03,0.04,0.15,0.22
PR,2020-03-13,0.05,-0.1,-0.03,0.02,0.15,0.23
PR,2020-03-14,0.08,-0.02,0,0.04,0.07,0.07
PR,2020-03-15,0.1,-0.07,0.01,0.01,0.03,0.02
PR,2020-03-16,0.05,-0.29,0,-0.11,0.02,0.21
PR,2020-03-17,0.11,-0.24,0.01,-0.16,-0.03,0.14
PR,2020-03-18,0.08,-0.31,0.06,-0.26,-0.16,0.04
PR,2020-03-19,0.08,-0.3,0.08,-0.28,-0.22,-0.06
PR,2020-03-20,0.01,-0.45,0.13,-0.45,-0.32,-0.15
PR,2020-03-21,-0.16,-0.63,0.17,-0.65,-0.49,-0.3
PR,2020-03-22,-0.41,-0.74,0.18,-0.76,-0.62,-0.36
PR,2020-03-23,-0.29,-0.61,0.21,-0.68,-0.6,-0.4
PR,2020-03-24,-0.35,-0.6,0.22,-0.72,-0.63,-0.48
PR,2020-03-25,-0.33,-0.53,0.23,-0.71,-0.63,-0.49
PR,2020-03-26,-0.29,-0.49,0.22,-0.68,-0.62,-0.48
PR,2020-03-27,-0.28,-0.56,0.23,-0.69,-0.61,-0.46
PR,2020-03-28,-0.26,-0.59,0.19,-0.72,-0.59,-0.42
PR,2020-03-29,-0.42,-0.7,0.17,-0.75,-0.64,-0.34
PR,2020-03-30,-0.27,-0.56,0.2,-0.62,-0.59,-0.41
PR,2020-03-31,-0.21,-0.5,0.19,-0.61,-0.57,-0.43
PR,2020-04-01,-0.17,-0.42,0.19,-0.6,-0.57,-0.41
PR,2020-04-02,-0.17,-0.43,0.19,-0.58,-0.56,-0.42
PR,2020-04-03,-0.14,-0.5,0.2,-0.6,-0.54,-0.39
PR,2020-04-04,-0.12,-0.54,0.16,-0.63,-0.52,-0.34
PR,2020-04-05,-0.29,-0.61,0.14,-0.68,-0.56,-0.29
PR,2020-04-06,-0.19,-0.58,0.18,-0.55,-0.54,-0.34
PR,2020-04-07,-0.06,-0.48,0.16,-0.49,-0.49,-0.35
PR,2020-04-08,-0.04,-0.37,0.16,-0.48,-0.48,-0.33
PR,2020-04-09,0.15,-0.32,0.13,-0.41,-0.44,-0.34
PR,2020-04-10,-0.4,-0.55,0.29,-0.77,-0.7,-0.75
PR,2020-04-11,0.09,-0.51,0.15,-0.54,-0.46,-0.33
PR,2020-04-12,-0.5,-0.61,0.1,-0.69,-0.52,-0.22
PR,2020-04-13,-0.18,-0.5,0.16,-0.48,-0.49,-0.28
PR,2020-04-14,-0.19,-0.49,0.16,-0.5,-0.49,-0.31
PR,2020-04-15,-0.14,-0.38,0.17,-0.49,-0.47,-0.29
PR,2020-04-16,-0.11,-0.34,0.16,-0.45,-0.45,-0.29
PR,2020-04-17,-0.11,-0.44,0.17,-0.48,-0.43,-0.26
PR,2020-04-18,-0.11,-0.52,0.14,-0.55,-0.46,-0.22
PR,2020-04-19,-0.3,-0.59,0.13,-0.65,-0.53,-0.22
PR,2020-04-20,-0.05,-0.42,0.15,-0.42,-0.46,-0.3
PR,2020-04-21,-0.4,-0.38,0.23,-0.69,-0.66,-0.67
PR,2020-04-22,-0.11,-0.32,0.14,-0.43,-0.43,-0.23
PR,2020-04-23,-0.11,-0.31,0.14,-0.41,-0.42,-0.23
PR,2020-04-24,-0.12,-0.41,0.15,-0.45,-0.42,-0.21
PR,2020-04-25,-0.08,-0.43,0.12,-0.49,-0.41,-0.17
PR,2020-04-26,-0.23,-0.51,0.11,-0.59,-0.48,-0.17
PR,2020-04-27,-0.17,-0.46,0.14,-0.43,-0.43,-0.19
PR,2020-04-28,-0.14,-0.37,0.1,-0.42,-0.41,-0.21
PR,2020-04-29,-0.11,-0.28,0.14,-0.42,-0.41,-0.2
PR,2020-04-30,0.12,-0.22,0.1,-0.32,-0.36,-0.19
PR,2020-05-01,-0.39,-0.4,0.24,-0.7,-0.65,-0.67
PR,2020-05-02,0.01,-0.4,0.12,-0.46,-0.42,-0.2
RJ,2020-02-15,0.06,0.04,-0.01,0.07,0.13,0.06
RJ,2020-02-16,-0.02,-0.14,0.01,-0.04,0.06,-0.01
RJ,2020-02-17,0.07,-0.13,-0.02,0.04,0.13,0.2
RJ,2020-02-18,0,-0.04,-0.02,0.01,0.12,0.15
RJ,2020-02-19,0.06,-0.06,-0.02,0.03,0.12,0.14
RJ,2020-02-20,0.1,0.11,-0.03,0.03,0.13,0.15
RJ,2020-02-21,0.14,0.05,0.01,0.05,0.08,0.02
RJ,2020-02-22,0.07,0.11,0.01,-0.08,0.09,-0.1
RJ,2020-02-23,0.11,0.53,0.01,0.08,0.23,-0.02
RJ,2020-02-24,-0.05,0.96,0.09,-0.18,-0.27,-0.56
RJ,2020-02-25,-0.38,1.12,0.1,-0.29,-0.33,-0.66
RJ,2020-02-26,-0.13,0.07,0.07,-0.26,-0.32,-0.46
RJ,2020-02-27,-0.05,-0.27,0.05,-0.18,-0.12,-0.07
RJ,2020-02-28,0.03,-0.26,0.05,-0.06,-0.05,-0.03
RJ,2020-02-29,0.03,-0.29,0.04,-0.08,-0.04,-0.01
RJ,2020-03-01,-0.16,-0.65,0.08,-0.31,-0.22,-0.12
RJ,2020-03-02,0,-0.46,0.03,-0.14,-0.03,0.13
RJ,2020-03-03,0.01,-0.29,0.01,-0.07,0.05,0.13
RJ,2020-03-04,0.07,-0.27,0,-0.03,0.06,0.14
RJ,2020-03-05,0.07,-0.11,-0.01,0,0.09,0.18
RJ,2020-03-06,0.13,-0.07,-0.02,0.14,0.17,0.21
RJ,2020-03-07,0.12,-0.11,0,0.1,0.11,0.07
RJ,2020-03-08,0.07,-0.1,0.01,0.06,0.06,0.02
RJ,2020-03-09,0.09,-0.12,-0.02,0.05,0.14,0.22
RJ,2020-03-10,0.03,-0.07,-0.01,0.01,0.12,0.16
RJ,2020-03-11,0.05,-0.12,-0.01,0.01,0.1,0.15
RJ,2020-03-12,0.04,-0.04,-0.01,-0.03,0.09,0.17
RJ,2020-03-13,0.13,-0.05,-0.01,0.07,0.13,0.19
RJ,2020-03-14,0.11,-0.13,0.02,-0.07,-0.03,0.03
RJ,2020-03-15,0.05,-0.17,0.03,-0.17,-0.1,-0.02
RJ,2020-03-16,0.08,-0.25,0.04,-0.15,-0.11,0
RJ,2020-03-17,0.01,-0.4,0.09,-0.31,-0.26,-0.13
RJ,2020-03-18,0.01,-0.43,0.11,-0.38,-0.34,-0.21
RJ,2020-03-19,-0.06,-0.45,0.14,-0.46,-0.41,-0.26
RJ,2020-03-20,-0.05,-0.55,0.16,-0.47,-0.43,-0.29
RJ,2020-03-21,-0.2,-0.76,0.18,-0.67,-0.57,-0.37
RJ,2020-03-22,-0.29,-0.81,0.18,-0.74,-0.62,-0.38
RJ,2020-03-23,-0.18,-0.66,0.2,-0.63,-0.59,-0.46
RJ,2020-03-24,-0.34,-0.68,0.23,-0.72,-0.65,-0.55
RJ,2020-03-25,-0.29,-0.66,0.23,-0.71,-0.65,-0.55
RJ,2020-03-26,-0.29,-0.62,0.24,-0.7,-0.65,-0.54
RJ,2020-03-27,-0.23,-0.61,0.24,-0.65,-0.61,-0.5
RJ,2020-03-28,-0.26,-0.67,0.19,-0.69,-0.59,-0.42
RJ,2020-03-29,-0.32,-0.74,0.17,-0.72,-0.61,-0.37
RJ,2020-03-30,-0.25,-0.64,0.2,-0.64,-0.6,-0.47
RJ,2020-03-31,-0.25,-0.61,0.21,-0.64,-0.61,-0.5
RJ,2020-04-01,-0.17,-0.61,0.21,-0.62,-0.6,-0.5
RJ,2020-04-02,-0.19,-0.59,0.22,-0.63,-0.6,-0.49
RJ,2020-04-03,-0.14,-0.69,0.22,-0.61,-0.56,-0.47
RJ,2020-04-04,-0.13,-0.73,0.17,-0.64,-0.53,-0.38
RJ,2020-04-05,-0.24,-0.78,0.16,-0.69,-0.57,-0.35
RJ,2020-04-06,-0.14,-0.67,0.19,-0.57,-0.54,-0.44
RJ,2020-04-07,-0.14,-0.67,0.2,-0.59,-0.55,-0.48
RJ,2020-04-08,-0.09,-0.72,0.2,-0.59,-0.57,-0.49
RJ,2020-04-09,0.07,-0.64,0.19,-0.54,-0.53,-0.47
RJ,2020-04-10,-0.27,-0.76,0.28,-0.73,-0.7,-0.69
RJ,2020-04-11,-0.1,-0.77,0.18,-0.63,-0.54,-0.4
RJ,2020-04-12,-0.21,-0.81,0.15,-0.69,-0.56,-0.31
RJ,2020-04-13,-0.21,-0.68,0.19,-0.58,-0.55,-0.43
RJ,2020-04-14,-0.25,-0.67,0.2,-0.61,-0.57,-0.47
RJ,2020-04-15,-0.17,-0.67,0.2,-0.59,-0.57,-0.47
RJ,2020-04-16,-0.19,-0.68,0.22,-0.61,-0.58,-0.46
RJ,2020-04-17,-0.14,-0.7,0.22,-0.58,-0.55,-0.44
RJ,2020-04-18,-0.18,-0.74,0.17,-0.64,-0.53,-0.35
RJ,2020-04-19,-0.25,-0.77,0.16,-0.7,-0.58,-0.32
RJ,2020-04-20,-0.15,-0.66,0.18,-0.57,-0.55,-0.43
RJ,2020-04-21,-0.41,-0.67,0.25,-0.74,-0.72,-0.68
RJ,2020-04-22,-0.12,-0.65,0.19,-0.58,-0.55,-0.45
RJ,2020-04-23,-0.36,-0.67,0.25,-0.73,-0.71,-0.64
RJ,2020-04-24,-0.15,-0.65,0.21,-0.58,-0.55,-0.43
RJ,2020-04-25,-0.18,-0.7,0.17,-0.64,-0.53,-0.34
RJ,2020-04-26,-0.26,-0.74,0.16,-0.7,-0.58,-0.32
RJ,2020-04-27,-0.2,-0.67,0.19,-0.59,-0.55,-0.41
RJ,2020-04-28,-0.23,-0.66,0.17,-0.61,-0.57,-0.45
RJ,2020-04-29,-0.18,-0.66,0.2,-0.6,-0.57,-0.45
RJ,2020-04-30,-0.06,-0.6,0.19,-0.58,-0.54,-0.43
RJ,2020-05-01,-0.32,-0.68,0.27,-0.74,-0.71,-0.67
RJ,2020-05-02,-0.13,-0.73,0.17,-0.65,-0.54,-0.35
RN,2020-02-15,0.06,-0.14,0.01,0.05,-0.01,0.06
RN,2020-02-16,0.03,-0.24,0.04,-0.03,-0.08,0
RN,2020-02-17,0.02,-0.27,0,0.03,0.07,0.17
RN,2020-02-18,-0.01,-0.22,0,-0.01,0.04,0.16
RN,2020-02-19,-0.08,-0.31,0.01,-0.08,0.01,0.14
RN,2020-02-20,0.03,-0.24,0,0.01,0.06,0.13
RN,2020-02-21,0.1,0.09,-0.01,0.04,0.12,0.16
RN,2020-02-22,0.1,0.15,-0.01,-0.02,0.02,-0.06
RN,2020-02-23,0.09,0.41,0.01,-0.04,-0.05,-0.06
RN,2020-02-24,-0.48,1.11,0.07,-0.25,-0.25,-0.6
RN,2020-02-25,-0.29,1.04,0.04,-0.26,-0.24,-0.61
RN,2020-02-26,-0.18,0.04,0.03,-0.22,-0.16,-0.34
RN,2020-02-27,-0.03,-0.23,0.01,-0.1,0.02,0.11
RN,2020-02-28,-0.03,-0.25,0.02,-0.07,-0.03,0.16
RN,2020-02-29,0.02,-0.32,0.04,-0.06,-0.09,0.02
RN,2020-03-01,-0.01,-0.44,0.08,-0.2,-0.22,-0.06
RN,2020-03-02,0.03,-0.29,0,-0.01,0.02,0.18
RN,2020-03-03,0.03,-0.24,0,-0.03,0.02,0.17
RN,2020-03-04,-0.03,-0.28,0.01,-0.06,0.01,0.16
RN,2020-03-05,0.03,-0.18,0,-0.01,0.03,0.16
RN,2020-03-06,0.01,-0.19,0,0.01,0.01,0.2
RN,2020-03-07,0.07,-0.27,0.03,0.04,-0.05,0.03
RN,2020-03-08,0.09,-0.24,0.05,0.02,-0.09,0.01
RN,2020-03-09,0.02,-0.25,0,0.01,0.03,0.19
RN,2020-03-10,0.03,-0.19,0,0,0.01,0.17
RN,2020-03-11,-0.04,-0.23,0,-0.05,0,0.16
RN,2020-03-12,-0.09,-0.33,0.02,-0.12,-0.03,0.13
RN,2020-03-13,-0.06,-0.31,0.02,-0.08,-0.05,0.16
RN,2020-03-14,0.04,-0.29,0.03,-0.01,-0.08,0.03
RN,2020-03-15,0.03,-0.36,0.06,-0.15,-0.17,-0.02
RN,2020-03-16,0.02,-0.33,0.01,-0.07,-0.02,0.16
RN,2020-03-17,0.04,-0.26,0.02,-0.13,-0.06,0.11
RN,2020-03-18,-0.03,-0.32,0.07,-0.24,-0.17,-0.07
RN,2020-03-19,-0.05,-0.33,0.09,-0.29,-0.22,-0.12
RN,2020-03-20,-0.06,-0.42,0.1,-0.35,-0.28,-0.13
RN,2020-03-21,-0.11,-0.62,0.13,-0.56,-0.41,-0.22
RN,2020-03-22,-0.33,-0.75,0.18,-0.75,-0.61,-0.33
RN,2020-03-23,-0.31,-0.67,0.18,-0.63,-0.53,-0.39
RN,2020-03-24,-0.36,-0.65,0.19,-0.67,-0.58,-0.46
RN,2020-03-25,-0.37,-0.66,0.2,-0.68,-0.59,-0.48
RN,2020-03-26,-0.33,-0.6,0.19,-0.66,-0.59,-0.46
RN,2020-03-27,-0.32,-0.61,0.2,-0.65,-0.57,-0.42
RN,2020-03-28,-0.31,-0.66,0.17,-0.66,-0.58,-0.35
RN,2020-03-29,-0.36,-0.74,0.19,-0.74,-0.66,-0.33
RN,2020-03-30,-0.29,-0.63,0.19,-0.6,-0.58,-0.4
RN,2020-03-31,-0.23,-0.58,0.17,-0.58,-0.57,-0.4
RN,2020-04-01,-0.23,-0.57,0.18,-0.58,-0.56,-0.4
RN,2020-04-02,-0.22,-0.58,0.18,-0.58,-0.55,-0.41
RN,2020-04-03,-0.21,-0.59,0.18,-0.59,-0.53,-0.37
RN,2020-04-04,-0.2,-0.68,0.16,-0.62,-0.56,-0.32
RN,2020-04-05,-0.3,-0.71,0.18,-0.7,-0.64,-0.3
RN,2020-04-06,-0.16,-0.58,0.17,-0.54,-0.52,-0.37
RN,2020-04-07,-0.12,-0.54,0.16,-0.53,-0.52,-0.37
RN,2020-04-08,-0.13,-0.54,0.16,-0.54,-0.5,-0.37
RN,2020-04-09,-0.02,-0.49,0.15,-0.51,-0.49,-0.41
RN,2020-04-10,-0.47,-0.58,0.23,-0.77,-0.67,-0.66
RN,2020-04-11,-0.17,-0.62,0.16,-0.59,-0.56,-0.34
RN,2020-04-12,-0.33,-0.67,0.16,-0.69,-0.63,-0.27
RN,2020-04-13,-0.2,-0.58,0.17,-0.53,-0.52,-0.35
RN,2020-04-14,-0.22,-0.56,0.17,-0.56,-0.54,-0.37
RN,2020-04-15,-0.25,-0.59,0.19,-0.6,-0.57,-0.4
RN,2020-04-16,-0.2,-0.55,0.18,-0.63,-0.56,-0.39
RN,2020-04-17,-0.16,-0.54,0.18,-0.6,-0.51,-0.33
RN,2020-04-18,-0.2,-0.62,0.15,-0.65,-0.54,-0.27
RN,2020-04-19,-0.37,-0.65,0.17,-0.73,-0.62,-0.26
RN,2020-04-20,-0.15,-0.53,0.16,-0.59,-0.52,-0.37
RN,2020-04-21,-0.54,-0.6,0.22,-0.77,-0.7,-0.63
RN,2020-04-22,-0.2,-0.55,0.16,-0.62,-0.53,-0.35
RN,2020-04-23,-0.22,-0.5,0.16,-0.62,-0.52,-0.35
RN,2020-04-24,-0.23,-0.55,0.17,-0.63,-0.51,-0.31
RN,2020-04-25,-0.19,-0.61,0.15,-0.64,-0.54,-0.25
RN,2020-04-26,-0.3,-0.67,0.17,-0.73,-0.62,-0.25
RN,2020-04-27,-0.21,-0.57,0.16,-0.6,-0.51,-0.31
RN,2020-04-28,-0.19,-0.52,0.13,-0.6,-0.51,-0.33
RN,2020-04-29,-0.2,-0.57,0.16,-0.6,-0.52,-0.33
RN,2020-04-30,0,-0.61,0.13,-0.53,-0.43,-0.31
RN,2020-05-01,-0.66,-0.57,0.22,-0.76,-0.63,-0.62
RN,2020-05-02,-0.03,-0.68,0.14,-0.59,-0.5,-0.25
RO,2020-02-15,0.07,0.03,0.01,0.07,0,0.06
RO,2020-02-16,0.06,-0.03,0.02,0.02,-0.14,0.01
RO,2020-02-17,0.02,0.06,-0.02,0,-0.01,0.21
RO,2020-02-18,-0.05,-0.03,-0.01,-0.03,-0.07,0.2
RO,2020-02-19,-0.09,-0.1,0,-0.1,-0.11,0.18
RO,2020-02-20,-0.03,0.05,-0.01,-0.01,-0.07,0.19
RO,2020-02-21,0.03,-0.11,-0.01,0.01,0,0.21
RO,2020-02-22,0.08,0.1,0.01,0.06,0.08,-0.02
RO,2020-02-23,0.05,0.03,0.01,0,-0.27,-0.03
RO,2020-02-24,0.01,0.12,0.04,-0.01,-0.33,-0.25
RO,2020-02-25,-0.23,0.19,0.09,-0.28,-0.3,-0.53
RO,2020-02-26,-0.11,-0.05,0.05,-0.14,-0.12,-0.08
RO,2020-02-27,-0.05,-0.11,0.01,-0.08,-0.11,0.17
RO,2020-02-28,0.05,-0.11,0,0.01,-0.09,0.25
RO,2020-02-29,0.09,-0.06,0.02,0.07,-0.07,0.07
RO,2020-03-01,0.07,-0.09,0.03,0.05,-0.13,0.03
RO,2020-03-02,0.07,0,-0.02,0.04,-0.06,0.23
RO,2020-03-03,-0.01,-0.11,0,-0.05,-0.11,0.19
RO,2020-03-04,0.03,-0.07,-0.01,-0.01,-0.09,0.23
RO,2020-03-05,0.05,-0.01,-0.02,0.04,-0.07,0.22
RO,2020-03-06,0.13,-0.01,-0.02,0.11,-0.02,0.27
RO,2020-03-07,0.18,-0.04,0,0.14,-0.02,0.1
RO,2020-03-08,0.21,0.01,0.01,0.17,-0.07,0.07
RO,2020-03-09,0.08,0.01,-0.02,0.06,-0.07,0.25
RO,2020-03-10,0.03,-0.04,-0.02,0.03,-0.08,0.22
RO,2020-03-11,0,-0.08,-0.01,-0.03,-0.12,0.22
RO,2020-03-12,0,-0.03,-0.01,-0.02,-0.09,0.21
RO,2020-03-13,0.06,-0.05,-0.01,0.03,-0.03,0.26
RO,2020-03-14,0.09,-0.06,0.01,0.06,-0.03,0.08
RO,2020-03-15,0.1,0.04,0.02,-0.01,-0.17,0.05
RO,2020-03-16,0.08,-0.01,-0.02,-0.05,-0.11,0.23
RO,2020-03-17,0.09,-0.05,0.02,-0.1,-0.11,0.09
RO,2020-03-18,-0.01,-0.18,0.06,-0.21,-0.21,0
RO,2020-03-19,0.03,-0.1,0.05,-0.2,-0.23,-0.03
RO,2020-03-20,0.06,-0.28,0.08,-0.28,-0.27,-0.05
RO,2020-03-21,-0.03,-0.42,0.12,-0.55,-0.34,-0.21
RO,2020-03-22,-0.33,-0.53,0.14,-0.7,-0.59,-0.3
RO,2020-03-23,-0.24,-0.36,0.15,-0.61,-0.57,-0.35
RO,2020-03-24,-0.33,-0.43,0.17,-0.66,-0.61,-0.41
RO,2020-03-25,-0.33,-0.37,0.17,-0.65,-0.63,-0.41
RO,2020-03-26,-0.33,-0.36,0.17,-0.61,-0.63,-0.39
RO,2020-03-27,-0.22,-0.33,0.16,-0.55,-0.63,-0.33
RO,2020-03-28,-0.21,-0.32,0.13,-0.58,-0.66,-0.3
RO,2020-03-29,-0.27,-0.42,0.12,-0.63,-0.71,-0.23
RO,2020-03-30,-0.2,-0.35,0.13,-0.48,-0.58,-0.29
RO,2020-03-31,-0.16,-0.27,0.12,-0.45,-0.57,-0.28
RO,2020-04-01,-0.16,-0.27,0.13,-0.48,-0.57,-0.28
RO,2020-04-02,-0.14,-0.24,0.13,-0.46,-0.59,-0.28
RO,2020-04-03,-0.09,-0.29,0.13,-0.45,-0.57,-0.24
RO,2020-04-04,-0.05,-0.25,0.1,-0.49,-0.59,-0.2
RO,2020-04-05,-0.11,-0.3,0.09,-0.56,-0.66,-0.18
RO,2020-04-06,-0.08,-0.3,0.11,-0.37,-0.54,-0.22
RO,2020-04-07,-0.02,-0.18,0.1,-0.34,-0.55,-0.21
RO,2020-04-08,-0.08,-0.24,0.11,-0.38,-0.57,-0.21
RO,2020-04-09,0.01,-0.23,0.1,-0.36,-0.52,-0.24
RO,2020-04-10,-0.29,-0.26,0.19,-0.66,-0.67,-0.64
RO,2020-04-11,-0.02,-0.27,0.11,-0.44,-0.64,-0.23
RO,2020-04-12,-0.14,-0.33,0.07,-0.54,-0.66,-0.14
RO,2020-04-13,-0.12,-0.22,0.1,-0.33,-0.58,-0.18
RO,2020-04-14,-0.19,-0.32,0.12,-0.41,-0.59,-0.2
RO,2020-04-15,-0.19,-0.33,0.13,-0.44,-0.62,-0.21
RO,2020-04-16,-0.14,-0.27,0.12,-0.4,-0.61,-0.2
RO,2020-04-17,-0.08,-0.28,0.14,-0.39,-0.58,-0.16
RO,2020-04-18,-0.07,-0.28,0.1,-0.46,-0.61,-0.14
RO,2020-04-19,-0.14,-0.33,0.09,-0.56,-0.71,-0.16
RO,2020-04-20,-0.06,-0.18,0.1,-0.33,-0.6,-0.19
RO,2020-04-21,-0.32,-0.23,0.17,-0.63,-0.69,-0.58
RO,2020-04-22,-0.14,-0.28,0.11,-0.39,-0.6,-0.17
RO,2020-04-23,-0.15,-0.27,0.12,-0.4,-0.62,-0.17
RO,2020-04-24,-0.08,-0.26,0.12,-0.37,-0.58,-0.12
RO,2020-04-25,-0.06,-0.27,0.09,-0.41,-0.61,-0.12
RO,2020-04-26,-0.12,-0.29,0.09,-0.53,-0.68,-0.13
RO,2020-04-27,-0.11,-0.25,0.11,-0.33,-0.58,-0.13
RO,2020-04-28,-0.06,-0.21,0.07,-0.3,-0.57,-0.14
RO,2020-04-29,-0.08,-0.2,0.11,-0.34,-0.56,-0.14
RO,2020-04-30,0.09,-0.17,0.08,-0.28,-0.52,-0.13
RO,2020-05-01,-0.38,-0.14,0.18,-0.63,-0.68,-0.59
RO,2020-05-02,0.05,-0.22,0.09,-0.38,-0.57,-0.14
RR,2020-02-15,0.04,-0.02,0,0.09,-0.03,0.06
RR,2020-02-16,0.04,-0.11,0.02,0.02,-0.11,-0.02
RR,2020-02-17,-0.01,-0.06,-0.01,-0.05,-0.03,0.26
RR,2020-02-18,-0.03,0,-0.01,-0.04,-0.03,0.22
RR,2020-02-19,-0.02,-0.02,-0.01,-0.04,-0.05,0.19
RR,2020-02-20,-0.02,-0.01,-0.01,0,-0.08,0.2
RR,2020-02-21,0.03,0.01,-0.02,0.01,0,0.22
RR,2020-02-22,0.04,0.55,-0.01,0.04,0.04,-0.01
RR,2020-02-23,-0.01,0.89,-0.02,0.04,-0.11,-0.07
RR,2020-02-24,-0.12,0.97,0.04,-0.05,-0.33,-0.37
RR,2020-02-25,-0.25,1.44,0.06,-0.18,-0.37,-0.57
RR,2020-02-26,-0.16,0.45,0.05,-0.12,-0.1,-0.27
RR,2020-02-27,0,-0.1,0,-0.05,-0.08,0.15
RR,2020-02-28,0.02,-0.14,0,-0.04,-0.03,0.21
RR,2020-02-29,0.08,-0.09,0.02,0.04,-0.1,0.05
RR,2020-03-01,0.09,-0.14,0.02,0,-0.1,0
RR,2020-03-02,0.07,-0.08,-0.02,-0.02,0.04,0.27
RR,2020-03-03,0.08,-0.05,-0.02,0.03,0.02,0.23
RR,2020-03-04,0.02,-0.06,-0.02,-0.01,0.05,0.21
RR,2020-03-05,0.03,-0.03,-0.02,0.03,0.05,0.21
RR,2020-03-06,0.09,-0.06,-0.03,0.08,0.08,0.27
RR,2020-03-07,0.12,-0.04,0,0.14,0.02,0.08
RR,2020-03-08,0.13,-0.07,0.01,0.15,-0.08,0.04
RR,2020-03-09,0.03,-0.08,-0.02,-0.01,0.03,0.28
RR,2020-03-10,0.03,-0.05,-0.02,0,0,0.25
RR,2020-03-11,0.03,-0.01,-0.02,-0.01,0.05,0.23
RR,2020-03-12,-0.01,-0.03,-0.01,-0.03,0.01,0.23
RR,2020-03-13,0.03,-0.07,-0.02,-0.02,0.05,0.26
RR,2020-03-14,0.07,-0.04,0,0,-0.09,0.08
RR,2020-03-15,0.04,-0.17,0.02,-0.05,-0.09,0.03
RR,2020-03-16,0,-0.17,-0.02,-0.12,-0.04,0.26
RR,2020-03-17,0.02,-0.2,0.03,-0.15,-0.12,0.06
RR,2020-03-18,0.02,-0.19,0.05,-0.18,-0.14,-0.03
RR,2020-03-19,-0.03,-0.25,0.07,-0.23,-0.24,-0.06
RR,2020-03-20,0.01,-0.35,0.07,-0.28,-0.27,-0.05
RR,2020-03-21,-0.02,-0.48,0.09,-0.42,-0.37,-0.08
RR,2020-03-22,-0.12,-0.63,0.12,-0.66,-0.53,-0.19
RR,2020-03-23,-0.19,-0.48,0.14,-0.62,-0.53,-0.3
RR,2020-03-24,-0.29,-0.54,0.16,-0.68,-0.59,-0.42
RR,2020-03-25,-0.29,-0.45,0.18,-0.68,-0.64,-0.45
RR,2020-03-26,-0.28,-0.39,0.18,-0.66,-0.66,-0.43
RR,2020-03-27,-0.27,-0.43,0.16,-0.61,-0.62,-0.38
RR,2020-03-28,-0.21,-0.48,0.13,-0.6,-0.65,-0.31
RR,2020-03-29,-0.25,-0.51,0.12,-0.68,-0.72,-0.24
RR,2020-03-30,-0.19,-0.38,0.14,-0.5,-0.58,-0.31
RR,2020-03-31,-0.18,-0.36,0.14,-0.48,-0.6,-0.32
RR,2020-04-01,-0.08,-0.34,0.13,-0.45,-0.54,-0.3
RR,2020-04-02,-0.1,-0.34,0.14,-0.45,-0.51,-0.3
RR,2020-04-03,-0.1,-0.42,0.14,-0.46,-0.57,-0.27
RR,2020-04-04,-0.1,-0.47,0.12,-0.53,-0.62,-0.22
RR,2020-04-05,-0.19,-0.54,0.11,-0.65,-0.67,-0.21
RR,2020-04-06,-0.09,-0.39,0.12,-0.43,-0.63,-0.25
RR,2020-04-07,-0.07,-0.4,0.12,-0.41,-0.63,-0.28
RR,2020-04-08,-0.05,-0.36,0.12,-0.39,-0.6,-0.3
RR,2020-04-09,-0.01,-0.37,0.12,-0.4,-0.57,-0.33
RR,2020-04-10,-0.26,-0.45,0.2,-0.67,-0.75,-0.62
RR,2020-04-11,-0.14,-0.47,0.13,-0.54,-0.72,-0.28
RR,2020-04-12,-0.19,-0.54,0.09,-0.65,-0.72,-0.19
RR,2020-04-13,-0.14,-0.41,0.13,-0.45,-0.65,-0.24
RR,2020-04-14,-0.14,-0.38,0.14,-0.46,-0.66,-0.27
RR,2020-04-15,-0.12,-0.32,0.14,-0.45,-0.6,-0.28
RR,2020-04-16,-0.12,-0.38,0.15,-0.47,-0.58,-0.28
RR,2020-04-17,-0.1,-0.41,0.15,-0.48,-0.63,-0.24
RR,2020-04-18,-0.14,-0.49,0.11,-0.57,-0.67,-0.18
RR,2020-04-19,-0.19,-0.52,0.1,-0.68,-0.71,-0.17
RR,2020-04-20,-0.18,-0.53,0.14,-0.53,-0.67,-0.32
RR,2020-04-21,-0.21,-0.38,0.17,-0.61,-0.72,-0.53
RR,2020-04-22,-0.1,-0.39,0.11,-0.46,-0.59,-0.25
RR,2020-04-23,-0.05,-0.38,0.12,-0.42,-0.56,-0.24
RR,2020-04-24,-0.02,-0.41,0.12,-0.44,-0.59,-0.2
RR,2020-04-25,-0.05,-0.48,0.1,-0.51,-0.66,-0.15
RR,2020-04-26,-0.13,-0.48,0.1,-0.65,-0.69,-0.14
RR,2020-04-27,-0.09,-0.36,0.12,-0.44,-0.63,-0.18
RR,2020-04-28,-0.07,-0.34,0.09,-0.42,-0.6,-0.21
RR,2020-04-29,-0.04,-0.31,0.12,-0.41,-0.59,-0.23
RR,2020-04-30,0,-0.33,0.11,-0.4,-0.53,-0.23
RR,2020-05-01,-0.11,-0.4,0.17,-0.6,-0.65,-0.5
RR,2020-05-02,-0.09,-0.5,0.12,-0.54,-0.65,-0.18
RS,2020-02-15,0.01,-0.08,0.01,0.04,0.03,0.02
RS,2020-02-16,0.01,-0.15,0.02,-0.02,-0.02,-0.03
RS,2020-02-17,-0.01,-0.14,0.01,-0.02,0.02,0.1
RS,2020-02-18,0,-0.2,0.01,-0.03,0.04,0.11
RS,2020-02-19,0.02,0.01,0,0.01,0.04,0.12
RS,2020-02-20,0.02,-0.04,-0.01,0.01,0.09,0.11
RS,2020-02-21,0.08,-0.08,-0.01,0.03,0.13,0.1
RS,2020-02-22,0.05,0.04,0,-0.03,0.12,-0.06
RS,2020-02-23,0.06,0.19,0.03,0.04,-0.04,-0.03
RS,2020-02-24,-0.05,0.68,0.07,-0.16,-0.27,-0.41
RS,2020-02-25,-0.35,0.18,0.1,-0.41,-0.31,-0.56
RS,2020-02-26,0.02,-0.1,0.02,-0.09,-0.03,0.01
RS,2020-02-27,0,-0.05,0.01,-0.04,0.03,0.11
RS,2020-02-28,0.04,-0.08,0,0.02,0.03,0.12
RS,2020-02-29,0.07,-0.1,0.02,0.04,0.02,0.04
RS,2020-03-01,0.08,-0.14,0.04,0.01,-0.01,0
RS,2020-03-02,0.03,-0.13,0,0.02,0.06,0.18
RS,2020-03-03,0.05,-0.13,-0.01,0.03,0.08,0.17
RS,2020-03-04,0.06,-0.02,-0.01,0.03,0.07,0.17
RS,2020-03-05,0.03,-0.03,-0.01,0.03,0.09,0.17
RS,2020-03-06,0.11,-0.07,-0.02,0.13,0.14,0.18
RS,2020-03-07,0.15,-0.08,0,0.17,0.11,0.07
RS,2020-03-08,0.1,-0.14,0.02,0.14,0.05,0.02
RS,2020-03-09,0.04,-0.07,-0.01,0.06,0.11,0.2
RS,2020-03-10,0.06,-0.14,-0.01,0.03,0.11,0.19
RS,2020-03-11,0.05,-0.03,-0.01,0.03,0.09,0.18
RS,2020-03-12,0.03,-0.08,-0.01,0.02,0.12,0.17
RS,2020-03-13,0.03,-0.12,-0.01,0.02,0.09,0.17
RS,2020-03-14,0.06,-0.13,0.01,0.02,0.03,0.06
RS,2020-03-15,0.05,-0.32,0.04,-0.11,-0.08,-0.03
RS,2020-03-16,0.08,-0.31,0.02,-0.1,-0.03,0.15
RS,2020-03-17,0.11,-0.25,0.03,-0.15,-0.09,0.1
RS,2020-03-18,0.07,-0.32,0.07,-0.26,-0.21,0
RS,2020-03-19,0.02,-0.35,0.11,-0.36,-0.29,-0.13
RS,2020-03-20,0.01,-0.49,0.14,-0.45,-0.39,-0.21
RS,2020-03-21,-0.19,-0.69,0.18,-0.69,-0.53,-0.37
RS,2020-03-22,-0.45,-0.81,0.22,-0.8,-0.67,-0.4
RS,2020-03-23,-0.33,-0.63,0.24,-0.72,-0.62,-0.51
RS,2020-03-24,-0.37,-0.65,0.25,-0.75,-0.65,-0.57
RS,2020-03-25,-0.33,-0.58,0.26,-0.74,-0.65,-0.57
RS,2020-03-26,-0.35,-0.58,0.26,-0.73,-0.64,-0.57
RS,2020-03-27,-0.3,-0.6,0.26,-0.71,-0.64,-0.55
RS,2020-03-28,-0.31,-0.67,0.2,-0.74,-0.63,-0.46
RS,2020-03-29,-0.39,-0.73,0.2,-0.75,-0.67,-0.36
RS,2020-03-30,-0.29,-0.54,0.23,-0.64,-0.61,-0.48
RS,2020-03-31,-0.21,-0.53,0.21,-0.63,-0.59,-0.48
RS,2020-04-01,-0.16,-0.46,0.21,-0.6,-0.57,-0.47
RS,2020-04-02,-0.22,-0.57,0.23,-0.64,-0.6,-0.49
RS,2020-04-03,-0.17,-0.57,0.23,-0.61,-0.58,-0.46
RS,2020-04-04,-0.17,-0.62,0.18,-0.65,-0.56,-0.38
RS,2020-04-05,-0.28,-0.68,0.18,-0.7,-0.62,-0.31
RS,2020-04-06,-0.14,-0.55,0.21,-0.55,-0.56,-0.41
RS,2020-04-07,-0.04,-0.46,0.18,-0.5,-0.49,-0.39
RS,2020-04-08,-0.02,-0.39,0.18,-0.49,-0.48,-0.39
RS,2020-04-09,0.12,-0.39,0.17,-0.46,-0.45,-0.39
RS,2020-04-10,-0.51,-0.61,0.3,-0.8,-0.72,-0.76
RS,2020-04-11,0.02,-0.57,0.17,-0.56,-0.49,-0.36
RS,2020-04-12,-0.3,-0.68,0.14,-0.7,-0.56,-0.22
RS,2020-04-13,-0.2,-0.47,0.18,-0.5,-0.5,-0.33
RS,2020-04-14,-0.19,-0.53,0.18,-0.53,-0.52,-0.34
RS,2020-04-15,-0.13,-0.44,0.18,-0.51,-0.5,-0.33
RS,2020-04-16,-0.16,-0.45,0.18,-0.51,-0.49,-0.33
RS,2020-04-17,-0.13,-0.51,0.19,-0.49,-0.49,-0.31
RS,2020-04-18,-0.12,-0.55,0.15,-0.55,-0.46,-0.24
RS,2020-04-19,-0.24,-0.61,0.16,-0.64,-0.56,-0.22
RS,2020-04-20,-0.07,-0.37,0.16,-0.43,-0.47,-0.34
RS,2020-04-21,-0.44,-0.4,0.24,-0.71,-0.65,-0.67
RS,2020-04-22,-0.09,-0.36,0.15,-0.45,-0.45,-0.26
RS,2020-04-23,-0.16,-0.41,0.17,-0.49,-0.45,-0.27
RS,2020-04-24,-0.14,-0.45,0.17,-0.48,-0.46,-0.26
RS,2020-04-25,-0.11,-0.5,0.14,-0.52,-0.44,-0.2
RS,2020-04-26,-0.25,-0.67,0.16,-0.66,-0.57,-0.22
RS,2020-04-27,-0.18,-0.48,0.16,-0.47,-0.48,-0.24
RS,2020-04-28,-0.15,-0.43,0.12,-0.47,-0.44,-0.25
RS,2020-04-29,-0.1,-0.37,0.15,-0.45,-0.44,-0.24
RS,2020-04-30,0.06,-0.33,0.13,-0.39,-0.38,-0.24
RS,2020-05-01,-0.45,-0.47,0.26,-0.72,-0.66,-0.7
RS,2020-05-02,-0.02,-0.5,0.14,-0.48,-0.44,-0.22
SC,2020-02-15,-0.01,-0.15,0.01,0.01,-0.01,0.03
SC,2020-02-16,-0.04,-0.23,0.02,-0.08,-0.07,-0.03
SC,2020-02-17,-0.06,-0.3,-0.01,-0.08,0.05,0.17
SC,2020-02-18,-0.06,-0.32,-0.01,-0.09,0.05,0.16
SC,2020-02-19,-0.04,-0.08,-0.01,-0.04,0.06,0.17
SC,2020-02-20,-0.01,-0.05,-0.02,0,0.1,0.17
SC,2020-02-21,0.04,-0.28,-0.02,0,0.09,0.18
SC,2020-02-22,0.09,0.09,0,0.05,0.21,0.01
SC,2020-02-23,0.13,0.16,0.02,0.07,-0.03,-0.02
SC,2020-02-24,0,0.68,0.05,-0.03,-0.17,-0.31
SC,2020-02-25,-0.2,-0.03,0.09,-0.23,-0.18,-0.4
SC,2020-02-26,-0.07,-0.31,0.03,-0.13,-0.01,0.07
SC,2020-02-27,-0.02,-0.08,-0.01,-0.04,0.07,0.18
SC,2020-02-28,-0.02,-0.28,-0.01,-0.05,0.02,0.2
SC,2020-02-29,-0.02,-0.24,0.02,-0.04,-0.06,0.05
SC,2020-03-01,-0.04,-0.36,0.04,-0.14,-0.15,-0.02
SC,2020-03-02,-0.07,-0.52,-0.01,-0.13,-0.01,0.19
SC,2020-03-03,-0.07,-0.5,-0.01,-0.12,0,0.17
SC,2020-03-04,-0.04,-0.19,-0.01,-0.06,0.05,0.19
SC,2020-03-05,-0.02,-0.21,-0.02,-0.03,0.06,0.19
SC,2020-03-06,0.03,-0.36,-0.03,0.02,0.07,0.21
SC,2020-03-07,0.08,-0.27,-0.01,0.1,0,0.05
SC,2020-03-08,0.02,-0.27,0.01,0.02,-0.06,0
SC,2020-03-09,-0.04,-0.3,-0.01,-0.08,-0.01,0.12
SC,2020-03-10,-0.02,-0.37,-0.03,-0.06,0.08,0.18
SC,2020-03-11,-0.01,-0.14,-0.02,-0.03,0.09,0.19
SC,2020-03-12,-0.01,-0.2,-0.02,-0.03,0.08,0.18
SC,2020-03-13,0,-0.35,-0.02,-0.04,0.04,0.2
SC,2020-03-14,0.01,-0.26,0.01,-0.02,-0.06,0.04
SC,2020-03-15,-0.01,-0.29,0.02,-0.12,-0.12,-0.02
SC,2020-03-16,-0.02,-0.53,0,-0.18,-0.06,0.16
SC,2020-03-17,0.06,-0.57,0.02,-0.22,-0.14,0.07
SC,2020-03-18,0.12,-0.54,0.08,-0.41,-0.32,-0.07
SC,2020-03-19,-0.29,-0.63,0.19,-0.73,-0.7,-0.45
SC,2020-03-20,-0.37,-0.81,0.25,-0.79,-0.77,-0.53
SC,2020-03-21,-0.47,-0.87,0.23,-0.84,-0.79,-0.56
SC,2020-03-22,-0.58,-0.91,0.24,-0.87,-0.82,-0.5
SC,2020-03-23,-0.49,-0.86,0.28,-0.83,-0.83,-0.64
SC,2020-03-24,-0.48,-0.85,0.27,-0.82,-0.82,-0.64
SC,2020-03-25,-0.46,-0.75,0.27,-0.79,-0.8,-0.61
SC,2020-03-26,-0.44,-0.74,0.25,-0.77,-0.79,-0.6
SC,2020-03-27,-0.43,-0.79,0.27,-0.77,-0.78,-0.57
SC,2020-03-28,-0.41,-0.81,0.21,-0.79,-0.75,-0.5
SC,2020-03-29,-0.49,-0.84,0.2,-0.8,-0.76,-0.4
SC,2020-03-30,-0.37,-0.76,0.22,-0.7,-0.77,-0.49
SC,2020-03-31,-0.33,-0.74,0.21,-0.69,-0.75,-0.49
SC,2020-04-01,-0.29,-0.65,0.21,-0.66,-0.74,-0.46
SC,2020-04-02,-0.31,-0.7,0.2,-0.64,-0.74,-0.45
SC,2020-04-03,-0.27,-0.74,0.21,-0.64,-0.72,-0.43
SC,2020-04-04,-0.26,-0.76,0.17,-0.66,-0.68,-0.39
SC,2020-04-05,-0.37,-0.8,0.17,-0.74,-0.72,-0.35
SC,2020-04-06,-0.29,-0.8,0.18,-0.58,-0.73,-0.37
SC,2020-04-07,-0.18,-0.75,0.16,-0.52,-0.68,-0.35
SC,2020-04-08,-0.14,-0.59,0.16,-0.48,-0.66,-0.32
SC,2020-04-09,0,-0.58,0.13,-0.43,-0.63,-0.33
SC,2020-04-10,-0.44,-0.71,0.28,-0.76,-0.76,-0.76
SC,2020-04-11,-0.08,-0.73,0.16,-0.56,-0.62,-0.34
SC,2020-04-12,-0.54,-0.79,0.13,-0.75,-0.66,-0.29
SC,2020-04-13,-0.25,-0.72,0.15,-0.48,-0.67,-0.27
SC,2020-04-14,-0.26,-0.73,0.15,-0.5,-0.67,-0.27
SC,2020-04-15,-0.22,-0.6,0.15,-0.47,-0.65,-0.26
SC,2020-04-16,-0.23,-0.61,0.15,-0.47,-0.66,-0.26
SC,2020-04-17,-0.22,-0.7,0.16,-0.5,-0.66,-0.25
SC,2020-04-18,-0.22,-0.71,0.14,-0.56,-0.62,-0.22
SC,2020-04-19,-0.36,-0.74,0.15,-0.7,-0.7,-0.29
SC,2020-04-20,-0.2,-0.67,0.14,-0.46,-0.66,-0.3
SC,2020-04-21,-0.41,-0.6,0.21,-0.65,-0.73,-0.6
SC,2020-04-22,-0.22,-0.54,0.13,-0.44,-0.64,-0.21
SC,2020-04-23,-0.24,-0.55,0.13,-0.44,-0.65,-0.22
SC,2020-04-24,-0.23,-0.65,0.14,-0.46,-0.65,-0.2
SC,2020-04-25,-0.2,-0.64,0.12,-0.48,-0.59,-0.17
SC,2020-04-26,-0.32,-0.66,0.13,-0.6,-0.64,-0.22
SC,2020-04-27,-0.29,-0.74,0.14,-0.47,-0.68,-0.2
SC,2020-04-28,-0.25,-0.7,0.1,-0.45,-0.65,-0.21
SC,2020-04-29,-0.22,-0.53,0.13,-0.42,-0.63,-0.19
SC,2020-04-30,-0.05,-0.55,0.09,-0.35,-0.59,-0.19
SC,2020-05-01,-0.43,-0.62,0.24,-0.66,-0.73,-0.68
SC,2020-05-02,-0.12,-0.64,0.12,-0.44,-0.59,-0.21
SE,2020-02-15,0.01,-0.22,0,0.05,-0.11,0.05
SE,2020-02-16,0,-0.01,0.02,-0.02,-0.19,0
SE,2020-02-17,-0.01,-0.19,0,-0.05,-0.09,0.1
SE,2020-02-18,-0.03,-0.16,0,-0.03,-0.06,0.1
SE,2020-02-19,-0.06,-0.12,-0.01,-0.04,-0.07,0.1
SE,2020-02-20,0.02,-0.03,-0.01,0.04,-0.01,0.1
SE,2020-02-21,0.07,-0.11,0,-0.01,0.04,0.09
SE,2020-02-22,0.07,-0.01,0,-0.08,0.07,-0.07
SE,2020-02-23,0.01,0.39,0,-0.14,-0.39,-0.08
SE,2020-02-24,-0.24,0.93,0.07,-0.26,-0.53,-0.59
SE,2020-02-25,-0.52,0.83,0.04,-0.35,-0.49,-0.68
SE,2020-02-26,-0.19,-0.05,0.04,-0.21,-0.15,-0.37
SE,2020-02-27,-0.02,-0.08,0.01,-0.07,-0.1,0.06
SE,2020-02-28,0.02,-0.23,0.01,-0.09,-0.18,0.11
SE,2020-02-29,0.04,-0.29,0.05,-0.08,-0.19,0.01
SE,2020-03-01,0.07,-0.22,0.04,-0.11,-0.2,-0.01
SE,2020-03-02,0.05,-0.15,0,-0.07,-0.14,0.11
SE,2020-03-03,0.04,-0.12,0,-0.05,-0.06,0.1
SE,2020-03-04,0.01,-0.06,0,-0.05,-0.07,0.1
SE,2020-03-05,0.03,-0.01,0,-0.02,-0.11,0.12
SE,2020-03-06,0.04,-0.15,0,-0.03,-0.11,0.16
SE,2020-03-07,0.09,-0.16,0.02,0,-0.11,0.05
SE,2020-03-08,0.11,0,0.02,-0.02,-0.18,0.02
SE,2020-03-09,0.02,-0.15,0,-0.07,-0.11,0.12
SE,2020-03-10,0.03,-0.09,-0.01,-0.04,-0.11,0.11
SE,2020-03-11,-0.02,-0.08,0,-0.04,-0.19,0.11
SE,2020-03-12,0,0.01,-0.01,-0.01,-0.15,0.11
SE,2020-03-13,0.01,-0.17,-0.01,-0.05,-0.13,0.15
SE,2020-03-14,0.04,-0.23,0.02,-0.04,-0.19,0.05
SE,2020-03-15,0.02,-0.2,0.03,-0.16,-0.26,0
SE,2020-03-16,0.02,-0.29,0.02,-0.14,-0.23,-0.01
SE,2020-03-17,-0.14,-0.23,0.11,-0.38,-0.45,-0.4
SE,2020-03-18,0,-0.26,0.06,-0.23,-0.32,-0.13
SE,2020-03-19,-0.05,-0.27,0.09,-0.29,-0.36,-0.19
SE,2020-03-20,-0.06,-0.45,0.11,-0.38,-0.45,-0.2
SE,2020-03-21,-0.16,-0.61,0.14,-0.6,-0.55,-0.28
SE,2020-03-22,-0.31,-0.7,0.15,-0.73,-0.68,-0.3
SE,2020-03-23,-0.37,-0.58,0.19,-0.69,-0.69,-0.5
SE,2020-03-24,-0.4,-0.59,0.19,-0.7,-0.71,-0.54
SE,2020-03-25,-0.39,-0.53,0.2,-0.7,-0.75,-0.54
SE,2020-03-26,-0.44,-0.58,0.2,-0.71,-0.75,-0.54
SE,2020-03-27,-0.32,-0.57,0.2,-0.66,-0.74,-0.48
SE,2020-03-28,-0.33,-0.67,0.17,-0.68,-0.72,-0.39
SE,2020-03-29,-0.46,-0.77,0.18,-0.78,-0.83,-0.36
SE,2020-03-30,-0.27,-0.51,0.17,-0.59,-0.73,-0.47
SE,2020-03-31,-0.22,-0.49,0.16,-0.58,-0.7,-0.46
SE,2020-04-01,-0.24,-0.43,0.16,-0.57,-0.71,-0.45
SE,2020-04-02,-0.24,-0.4,0.16,-0.56,-0.68,-0.45
SE,2020-04-03,-0.22,-0.54,0.18,-0.59,-0.68,-0.42
SE,2020-04-04,-0.23,-0.63,0.15,-0.62,-0.7,-0.34
SE,2020-04-05,-0.26,-0.65,0.14,-0.69,-0.79,-0.25
SE,2020-04-06,-0.19,-0.49,0.17,-0.56,-0.72,-0.45
SE,2020-04-07,-0.13,-0.47,0.15,-0.53,-0.68,-0.44
SE,2020-04-08,-0.12,-0.42,0.15,-0.53,-0.66,-0.43
SE,2020-04-09,0,-0.35,0.14,-0.48,-0.61,-0.48
SE,2020-04-10,-0.68,-0.6,0.21,-0.8,-0.85,-0.69
SE,2020-04-11,-0.14,-0.59,0.14,-0.59,-0.72,-0.36
SE,2020-04-12,-0.24,-0.63,0.12,-0.68,-0.8,-0.21
SE,2020-04-13,-0.23,-0.47,0.16,-0.56,-0.69,-0.44
SE,2020-04-14,-0.23,-0.46,0.16,-0.55,-0.69,-0.42
SE,2020-04-15,-0.23,-0.4,0.16,-0.55,-0.71,-0.42
SE,2020-04-16,-0.21,-0.4,0.16,-0.54,-0.69,-0.42
SE,2020-04-17,-0.22,-0.51,0.17,-0.56,-0.69,-0.38
SE,2020-04-18,-0.25,-0.65,0.15,-0.63,-0.71,-0.31
SE,2020-04-19,-0.28,-0.67,0.15,-0.71,-0.81,-0.24
SE,2020-04-20,-0.18,-0.45,0.15,-0.52,-0.66,-0.43
SE,2020-04-21,-0.5,-0.51,0.19,-0.7,-0.81,-0.65
SE,2020-04-22,-0.2,-0.43,0.13,-0.52,-0.66,-0.38
SE,2020-04-23,-0.34,-0.57,0.17,-0.59,-0.7,-0.42
SE,2020-04-24,-0.25,-0.59,0.16,-0.58,-0.68,-0.37
SE,2020-04-25,-0.22,-0.63,0.14,-0.59,-0.69,-0.26
SE,2020-04-26,-0.24,-0.65,0.13,-0.68,-0.78,-0.19
SE,2020-04-27,-0.21,-0.49,0.15,-0.52,-0.65,-0.37
SE,2020-04-28,-0.2,-0.51,0.11,-0.5,-0.63,-0.37
SE,2020-04-29,-0.2,-0.42,0.14,-0.52,-0.62,-0.36
SE,2020-04-30,-0.03,-0.36,0.12,-0.48,-0.54,-0.34
SE,2020-05-01,-0.48,-0.6,0.21,-0.75,-0.8,-0.63
SE,2020-05-02,-0.12,-0.61,0.13,-0.61,-0.66,-0.26
SP,2020-02-15,0.05,0.06,-0.01,0.06,0.11,0.08
SP,2020-02-16,0.04,0.09,0,0.07,0.1,0.01
SP,2020-02-17,-0.01,-0.13,-0.01,-0.04,0.08,0.18
SP,2020-02-18,-0.03,-0.13,-0.02,-0.05,0.09,0.14
SP,2020-02-19,-0.04,-0.11,-0.02,-0.03,0.08,0.14
SP,2020-02-20,0.1,0.04,-0.03,0.03,0.13,0.15
SP,2020-02-21,0.09,-0.06,-0.02,0.02,0.1,0.16
SP,2020-02-22,0.06,0.02,0.01,-0.03,0.02,0
SP,2020-02-23,0.06,0.43,0,0.07,-0.01,0.01
SP,2020-02-24,-0.02,0.43,0.1,-0.09,-0.3,-0.43
SP,2020-02-25,-0.23,0.22,0.13,-0.32,-0.41,-0.61
SP,2020-02-26,-0.1,-0.33,0.06,-0.2,-0.17,-0.1
SP,2020-02-27,0.06,-0.13,0.01,-0.06,0.05,0.11
SP,2020-02-28,0.04,-0.2,0,-0.04,0.03,0.14
SP,2020-02-29,0.06,-0.21,0.03,-0.01,0.01,0.07
SP,2020-03-01,0.06,-0.26,0.03,-0.04,-0.05,0.01
SP,2020-03-02,0,-0.27,-0.01,-0.07,0.07,0.19
SP,2020-03-03,0.01,-0.25,0,-0.07,0.06,0.12
SP,2020-03-04,0.02,-0.13,-0.02,-0.01,0.08,0.16
SP,2020-03-05,0.1,0.02,-0.02,0.03,0.13,0.17
SP,2020-03-06,0.13,0.02,-0.04,0.09,0.14,0.2
SP,2020-03-07,0.15,0,-0.01,0.11,0.12,0.09
SP,2020-03-08,0.12,0,0,0.11,0.06,0.04
SP,2020-03-09,0.07,-0.11,-0.02,0,0.12,0.2
SP,2020-03-10,0.05,-0.14,-0.02,0,0.11,0.16
SP,2020-03-11,0.02,-0.06,-0.02,0.01,0.11,0.16
SP,2020-03-12,0.08,0.05,-0.02,0.01,0.13,0.16
SP,2020-03-13,0.08,-0.02,-0.02,0.01,0.09,0.18
SP,2020-03-14,0.09,-0.03,0.01,-0.01,0.02,0.07
SP,2020-03-15,0.1,0.04,0.02,-0.05,-0.03,0.02
SP,2020-03-16,0.07,-0.21,0.02,-0.13,-0.06,0.1
SP,2020-03-17,0.06,-0.32,0.05,-0.21,-0.18,0
SP,2020-03-18,0.07,-0.28,0.07,-0.24,-0.23,-0.05
SP,2020-03-19,0.11,-0.28,0.1,-0.31,-0.29,-0.14
SP,2020-03-20,0.05,-0.42,0.13,-0.41,-0.37,-0.18
SP,2020-03-21,-0.09,-0.64,0.16,-0.59,-0.48,-0.26
SP,2020-03-22,-0.28,-0.7,0.17,-0.68,-0.57,-0.32
SP,2020-03-23,-0.2,-0.6,0.21,-0.62,-0.57,-0.39
SP,2020-03-24,-0.3,-0.65,0.24,-0.71,-0.63,-0.5
SP,2020-03-25,-0.28,-0.59,0.24,-0.69,-0.63,-0.51
SP,2020-03-26,-0.23,-0.51,0.24,-0.67,-0.62,-0.51
SP,2020-03-27,-0.22,-0.55,0.24,-0.67,-0.61,-0.48
SP,2020-03-28,-0.24,-0.63,0.2,-0.7,-0.59,-0.42
SP,2020-03-29,-0.36,-0.71,0.17,-0.72,-0.62,-0.37
SP,2020-03-30,-0.24,-0.57,0.22,-0.64,-0.6,-0.46
SP,2020-03-31,-0.2,-0.56,0.22,-0.62,-0.6,-0.48
SP,2020-04-01,-0.17,-0.5,0.22,-0.6,-0.59,-0.48
SP,2020-04-02,-0.15,-0.44,0.22,-0.61,-0.58,-0.48
SP,2020-04-03,-0.11,-0.5,0.23,-0.64,-0.57,-0.46
SP,2020-04-04,-0.1,-0.57,0.18,-0.66,-0.53,-0.38
SP,2020-04-05,-0.21,-0.58,0.15,-0.67,-0.55,-0.32
SP,2020-04-06,-0.11,-0.49,0.21,-0.6,-0.55,-0.42
SP,2020-04-07,-0.07,-0.53,0.2,-0.58,-0.55,-0.45
SP,2020-04-08,-0.04,-0.48,0.2,-0.56,-0.54,-0.45
SP,2020-04-09,0.16,-0.35,0.18,-0.51,-0.5,-0.44
SP,2020-04-10,-0.29,-0.56,0.3,-0.76,-0.71,-0.74
SP,2020-04-11,-0.04,-0.57,0.18,-0.63,-0.53,-0.39
SP,2020-04-12,-0.2,-0.61,0.13,-0.67,-0.54,-0.27
SP,2020-04-13,-0.19,-0.51,0.2,-0.6,-0.55,-0.41
SP,2020-04-14,-0.2,-0.56,0.21,-0.61,-0.57,-0.44
SP,2020-04-15,-0.15,-0.48,0.21,-0.58,-0.55,-0.43
SP,2020-04-16,-0.1,-0.4,0.2,-0.58,-0.54,-0.43
SP,2020-04-17,-0.11,-0.46,0.21,-0.59,-0.54,-0.4
SP,2020-04-18,-0.14,-0.56,0.16,-0.65,-0.51,-0.31
SP,2020-04-19,-0.21,-0.56,0.14,-0.67,-0.54,-0.26
SP,2020-04-20,-0.09,-0.46,0.21,-0.58,-0.57,-0.48
SP,2020-04-21,-0.32,-0.52,0.26,-0.73,-0.7,-0.71
SP,2020-04-22,-0.15,-0.45,0.19,-0.58,-0.54,-0.39
SP,2020-04-23,-0.12,-0.38,0.19,-0.58,-0.53,-0.39
SP,2020-04-24,-0.14,-0.44,0.2,-0.6,-0.53,-0.36
SP,2020-04-25,-0.13,-0.51,0.16,-0.63,-0.49,-0.28
SP,2020-04-26,-0.21,-0.52,0.13,-0.65,-0.52,-0.24
SP,2020-04-27,-0.19,-0.48,0.19,-0.59,-0.54,-0.35
SP,2020-04-28,-0.18,-0.48,0.16,-0.59,-0.53,-0.38
SP,2020-04-29,-0.16,-0.42,0.19,-0.57,-0.53,-0.37
SP,2020-04-30,0.04,-0.31,0.16,-0.52,-0.48,-0.36
SP,2020-05-01,-0.27,-0.45,0.27,-0.71,-0.68,-0.69
SP,2020-05-02,-0.08,-0.53,0.16,-0.63,-0.52,-0.31
TO,2020-02-15,0,0.09,0,0.04,-0.06,0.09
TO,2020-02-16,0,0.03,0.01,0.02,-0.08,0.02
TO,2020-02-17,-0.03,-0.02,-0.01,-0.03,-0.03,0.2
TO,2020-02-18,-0.06,-0.14,-0.01,-0.04,0.01,0.2
TO,2020-02-19,-0.08,-0.07,-0.01,-0.04,0.01,0.18
TO,2020-02-20,-0.04,-0.07,-0.01,-0.02,0.08,0.18
TO,2020-02-21,0.02,-0.06,-0.02,0,0.19,0.2
TO,2020-02-22,0.06,0.49,-0.02,0.06,0.22,0.01
TO,2020-02-23,0.01,0.61,-0.01,0.1,-0.17,-0.05
TO,2020-02-24,-0.1,1.37,0.05,-0.1,-0.28,-0.42
TO,2020-02-25,-0.26,0.78,0.07,-0.29,-0.21,-0.57
TO,2020-02-26,-0.11,0.3,0.03,-0.08,0,-0.09
TO,2020-02-27,-0.07,-0.04,0,-0.08,-0.05,0.18
TO,2020-02-28,-0.02,-0.17,0,-0.07,-0.09,0.22
TO,2020-02-29,0.01,-0.09,0.03,-0.02,-0.11,0.09
TO,2020-03-01,0.05,0.02,0.03,-0.01,-0.07,0.03
TO,2020-03-02,-0.03,-0.16,-0.01,-0.06,-0.03,0.22
TO,2020-03-03,-0.05,-0.27,-0.01,-0.06,-0.01,0.2
TO,2020-03-04,-0.01,-0.13,-0.01,0.01,-0.01,0.21
TO,2020-03-05,0.01,-0.05,-0.02,0.02,0.01,0.22
TO,2020-03-06,0.04,-0.15,-0.02,0.04,0.01,0.25
TO,2020-03-07,0.1,0.07,0,0.14,-0.02,0.1
TO,2020-03-08,0.07,0.05,0.01,0.12,-0.11,0.06
TO,2020-03-09,0,-0.06,-0.02,-0.01,0.02,0.23
TO,2020-03-10,-0.06,-0.25,-0.01,-0.05,0.01,0.2
TO,2020-03-11,0,0,-0.03,0.03,0.05,0.21
TO,2020-03-12,0,-0.01,-0.02,0.02,0.06,0.21
TO,2020-03-13,0.01,-0.1,-0.02,-0.01,0.09,0.24
TO,2020-03-14,0.05,-0.07,0.01,0.03,0.1,0.09
TO,2020-03-15,0.04,-0.1,0.02,-0.04,0.03,0.05
TO,2020-03-16,-0.01,-0.04,0.02,-0.09,-0.04,0.09
TO,2020-03-17,0,-0.13,0.04,-0.11,-0.08,0.02
TO,2020-03-18,0.03,-0.11,0.05,-0.16,-0.11,-0.02
TO,2020-03-19,-0.07,-0.19,0.13,-0.44,-0.32,-0.3
TO,2020-03-20,-0.08,-0.36,0.13,-0.45,-0.33,-0.19
TO,2020-03-21,-0.2,-0.44,0.13,-0.59,-0.4,-0.2
TO,2020-03-22,-0.36,-0.5,0.13,-0.69,-0.57,-0.26
TO,2020-03-23,-0.24,-0.33,0.16,-0.6,-0.59,-0.31
TO,2020-03-24,-0.37,-0.46,0.19,-0.69,-0.66,-0.42
TO,2020-03-25,-0.33,-0.35,0.19,-0.66,-0.72,-0.42
TO,2020-03-26,-0.34,-0.34,0.19,-0.65,-0.69,-0.41
TO,2020-03-27,-0.29,-0.39,0.18,-0.62,-0.68,-0.37
TO,2020-03-28,-0.3,-0.37,0.14,-0.64,-0.69,-0.3
TO,2020-03-29,-0.31,-0.35,0.11,-0.61,-0.71,-0.19
TO,2020-03-30,-0.24,-0.19,0.14,-0.48,-0.62,-0.29
TO,2020-03-31,-0.18,-0.27,0.14,-0.44,-0.58,-0.29
TO,2020-04-01,-0.15,-0.19,0.14,-0.42,-0.58,-0.28
TO,2020-04-02,-0.17,-0.19,0.14,-0.42,-0.56,-0.28
TO,2020-04-03,-0.13,-0.28,0.14,-0.45,-0.55,-0.25
TO,2020-04-04,-0.13,-0.28,0.11,-0.48,-0.57,-0.18
TO,2020-04-05,-0.22,-0.29,0.09,-0.54,-0.63,-0.16
TO,2020-04-06,-0.14,-0.17,0.13,-0.38,-0.54,-0.25
TO,2020-04-07,-0.11,-0.23,0.12,-0.37,-0.52,-0.25
TO,2020-04-08,-0.1,-0.16,0.12,-0.36,-0.54,-0.27
TO,2020-04-09,-0.02,-0.09,0.11,-0.35,-0.5,-0.33
TO,2020-04-10,-0.41,-0.24,0.21,-0.72,-0.74,-0.68
TO,2020-04-11,-0.17,-0.27,0.11,-0.51,-0.64,-0.26
TO,2020-04-12,-0.25,-0.34,0.06,-0.54,-0.64,-0.15
TO,2020-04-13,-0.17,-0.21,0.11,-0.36,-0.54,-0.22
TO,2020-04-14,-0.22,-0.37,0.14,-0.42,-0.55,-0.25
TO,2020-04-15,-0.18,-0.27,0.13,-0.37,-0.53,-0.23
TO,2020-04-16,-0.16,-0.24,0.13,-0.36,-0.51,-0.22
TO,2020-04-17,-0.17,-0.34,0.14,-0.42,-0.54,-0.2
TO,2020-04-18,-0.14,-0.35,0.1,-0.45,-0.56,-0.12
TO,2020-04-19,-0.18,-0.33,0.08,-0.5,-0.63,-0.1
TO,2020-04-20,-0.11,-0.14,0.12,-0.34,-0.56,-0.28
TO,2020-04-21,-0.36,-0.32,0.2,-0.63,-0.68,-0.6
TO,2020-04-22,-0.15,-0.22,0.11,-0.32,-0.51,-0.19
TO,2020-04-23,-0.2,-0.29,0.13,-0.37,-0.51,-0.19
TO,2020-04-24,-0.12,-0.33,0.12,-0.37,-0.5,-0.15
TO,2020-04-25,-0.13,-0.32,0.1,-0.4,-0.54,-0.09
TO,2020-04-26,-0.18,-0.32,0.08,-0.46,-0.59,-0.06
TO,2020-04-27,-0.16,-0.19,0.11,-0.33,-0.5,-0.15
TO,2020-04-28,-0.14,-0.3,0.09,-0.34,-0.49,-0.18
TO,2020-04-29,-0.11,-0.21,0.12,-0.34,-0.47,-0.17
TO,2020-04-30,0,-0.18,0.1,-0.29,-0.44,-0.18
TO,2020-05-01,-0.42,-0.17,0.19,-0.64,-0.65,-0.6
TO,2020-05-02,-0.06,-0.27,0.11,-0.43,-0.57,-0.17
