name,fra_code,0-9,10-19,20-29,30-39,40-49,50-59,60-69,70-79,80+,total
Auvergne-Rhône-Alpes,REG-84,949955,993524,901366,1004809,1041062,1040667,924286,659703,490510,8005882
Hauts-de-France,REG-32,747088,795247,698337,755993,766398,767272,703918,429351,313833,5977437
Provence-Alpes-Côte d'Azur,REG-93,556476,576571,517017,598183,637206,677902,631839,492051,361160,5048405
Grand Est,REG-44,609398,663160,623642,677704,705620,758833,703089,445993,337852,5525291
Occitanie,REG-76,631407,694384,634314,693614,745017,784106,753107,545809,417451,5899209
Normandie,REG-28,375628,415110,346929,387009,413015,438587,430212,284333,222517,3313340
Nouvelle-Aquitaine,REG-75,607674,692814,596967,679566,764438,804089,811702,573291,455777,5986318
Centre-Val de Loire,REG-24,289784,314123,251832,293495,325727,341526,333147,229367,186257,2565258
Bourgogne-Franche-Comté,REG-27,299642,335230,279691,317807,348123,375500,373352,262102,201886,2793333
Bretagne,REG-53,362949,417398,336406,380228,428400,442035,436034,296262,234008,3333720
Corse,REG-94,33991,34211,33993,42991,45665,47324,44700,35324,23355,341554
Pays de la Loire,REG-52,445294,492676,398684,456484,489361,482347,462445,310941,249168,3787400
Île-de-France,REG-11,1607040,1537855,1660694,1753466,1675694,1534825,1175851,760752,538630,12244807
Guadeloupe,REG-01,41761,52218,35628,37459,51318,60928,50285,31470,20227,381294
Martinique,REG-02,35663,44708,32547,34648,45373,63519,51152,32451,23423,363484
Guyane,REG-03,60974,57663,39167,39061,33984,26242,16439,6852,3157,283539
La Réunion,REG-04,123539,135671,99954,105435,115474,123718,86002,44119,24049,857961
Mayotte,REG-06,81893,62952,35333,36337,27109,14226,7459,2921,1241,269471
Ain,DEP-01,83444,84144,65589,85206,90296,88620,73033,48520,33585,652437
Aisne,DEP-02,64104,67832,52205,62941,65940,71362,69309,42977,32462,529132
Allier,DEP-03,31582,36135,28691,33592,40470,46257,49444,36830,30658,333659
Alpes-de-Haute-Provence,DEP-04,16496,18148,13423,17477,19831,23892,24310,18122,13144,164843
Hautes-Alpes,DEP-05,14899,15655,11970,15965,18011,20079,20082,14013,10977,141651
Alpes-Maritimes,DEP-06,111707,116468,107499,127704,137575,146284,133541,111391,88646,1080815
Ardèche,DEP-07,33673,37585,26515,35167,41885,46598,46880,33602,24580,326485
Ardennes,DEP-08,29277,32613,25841,30840,33816,38113,36828,22833,18017,268178
Ariège,DEP-09,14645,16461,12960,16001,19074,21808,22637,15690,13474,152750
Aube,DEP-10,35738,39305,33226,36527,38637,39813,39197,26987,20633,310063
Aude,DEP-11,37477,42064,30971,39626,46107,50985,54318,40411,29863,371822
Aveyron,DEP-12,26454,30090,22428,28935,34097,39640,40822,29801,26436,278703
Bouches-du-Rhône,DEP-13,239627,242426,232832,253355,258669,265537,236341,176000,126622,2031409
Calvados,DEP-14,74171,88345,77399,79157,85948,89331,91726,59916,46470,692463
Cantal,DEP-15,12286,14728,11008,14305,17619,21367,22704,15906,13669,143592
Charente,DEP-16,33985,38273,32295,37434,43261,49191,51078,35024,29102,349643
Charente-Maritime,DEP-17,60282,71799,53667,67222,79214,85888,99682,73922,54518,646194
Cher,DEP-18,30212,32558,26419,31641,36498,42102,43426,31328,24876,299060
Corrèze,DEP-19,22256,26212,20740,24631,29595,33232,36206,25740,22258,240870
Corse-du-Sud,DEP-2A,15989,15565,14563,20371,22185,22773,21072,16982,11260,160760
Haute-Corse,DEP-2B,18002,18646,19430,22620,23480,24551,23628,18342,12095,180794
Côte-d'Or,DEP-21,56056,66522,66052,62895,66846,68950,66058,45534,34394,533307
Côtes-d'Armor,DEP-22,61713,71213,48274,61383,74047,80539,88017,62177,49964,597327
Creuse,DEP-23,9661,11498,8765,10750,13837,17221,19739,13486,12114,117071
Dordogne,DEP-24,35477,42372,31367,39631,49428,59476,66080,47899,38421,410151
Doubs,DEP-25,64438,69028,63886,67688,67787,67888,62192,44237,32364,539508
Drôme,DEP-26,60803,64351,48272,62304,65237,69137,65550,47894,34155,517703
Eure,DEP-27,74846,78703,56295,73926,80916,80662,75122,47498,33420,601388
Eure-et-Loir,DEP-28,53098,54467,40011,51607,56704,57782,53797,35078,28367,430911
Finistère,DEP-29,93359,110369,90374,100630,115689,123728,124347,82892,65943,907331
Gard,DEP-30,81826,89844,70832,84479,93238,103506,101343,72002,50081,747151
Haute-Garonne,DEP-31,162509,172433,201211,194105,183077,173025,137060,94558,70469,1388447
Gers,DEP-32,17755,20235,14165,18841,23739,28016,28992,20695,17916,190354
Gironde,DEP-33,179543,199097,202320,209198,219155,203227,185404,126259,92986,1617189
Hérault,DEP-34,127914,140638,142733,141368,145484,145786,141318,106479,74350,1166070
Ille-et-Vilaine,DEP-35,129573,145711,133095,136514,143256,133909,114738,76726,61319,1074841
Indre,DEP-36,20020,23786,17837,21024,26537,31043,33645,24491,20427,218810
Indre-et-Loire,DEP-37,67314,75839,66061,71246,76751,78159,75665,51898,42907,605840
Isère,DEP-38,154740,166649,143963,157145,168225,164895,140322,98130,69282,1263351
Jura,DEP-39,27464,31058,22857,28690,32789,36490,34657,25069,19537,258611
Landes,DEP-40,40700,45130,32859,45959,54619,57811,59568,42175,31525,410346
Loir-et-Cher,DEP-41,34858,39066,28430,35104,41800,45302,45650,31628,27438,329276
Loire,DEP-42,90444,96080,80822,87736,94584,97021,92860,69527,55159,764233
Haute-Loire,DEP-43,23318,27064,19246,24176,29440,32208,32077,22299,17254,227082
Loire-Atlantique,DEP-44,176302,185718,167257,187661,189844,175875,158563,104294,77851,1423365
Loiret,DEP-45,84282,88407,73074,82873,87437,87138,80964,54944,42242,681361
Lot,DEP-46,14775,17487,13034,16397,20343,25068,28296,20821,17300,173521
Lot-et-Garonne,DEP-47,33719,36789,28912,35682,39499,45765,47186,35300,28350,331202
Lozère,DEP-48,7170,8528,7025,7996,9695,10805,11065,7657,6460,76401
Maine-et-Loire,DEP-49,94151,112314,89886,95874,102758,102500,96291,64619,56718,815111
Manche,DEP-50,50344,56679,44620,53051,59167,69258,69580,48368,41666,492733
Marne,DEP-51,65607,72303,69053,69288,71387,72663,67616,44792,32613,565322
Haute-Marne,DEP-52,17096,18644,16579,18207,20594,24788,25164,16840,13489,171401
Mayenne,DEP-53,35802,40156,28285,34064,38734,40691,38618,25898,23835,306083
Meurthe-et-Moselle,DEP-54,80738,91479,94915,91650,90787,93302,88039,56350,44355,731615
Meuse,DEP-55,19635,21860,17375,20876,22828,25775,26264,16011,13009,183633
Morbihan,DEP-56,78304,90105,64663,81701,95408,103859,108932,74467,56782,754221
Moselle,DEP-57,113228,118661,113155,132967,133508,148691,135346,81827,61309,1038692
Nièvre,DEP-58,17971,21132,15913,19319,23324,28338,33170,23453,19495,202115
Nord,DEP-59,331927,349740,333698,336741,328333,321264,286867,176085,129801,2594456
Oise,DEP-60,106695,109706,88029,106256,112359,110667,95357,57383,38529,824981
Orne,DEP-61,28410,32694,24365,28332,33349,38635,40654,28145,24720,279304
Pas-de-Calais,DEP-62,179616,193076,156839,182207,187419,190312,181281,107702,79391,1457843
Puy-de-Dôme,DEP-63,68940,78266,75696,77967,83586,86846,84559,58887,43496,658243
Pyrénées-Atlantiques,DEP-64,68167,77461,63859,78561,88594,94881,89686,65638,54310,681157
Hautes-Pyrénées,DEP-65,20532,24994,19507,22928,27676,32609,34360,24324,20487,227417
Pyrénées-Orientales,DEP-66,49699,53413,43024,51091,58444,63662,66447,52636,39106,477522
Bas-Rhin,DEP-67,124334,135650,141950,143756,146957,155516,135795,84374,62038,1130370
Haut-Rhin,DEP-68,87490,90237,78961,94574,102559,108183,96039,61206,44525,763774
Rhône,DEP-69,238204,238815,268476,254410,235026,218786,178556,132056,101205,1865534
Haute-Saône,DEP-70,24960,28450,19776,26163,30516,33121,33215,22252,15948,234401
Saône-et-Loire,DEP-71,56670,62113,46641,58814,66801,76491,78812,57642,46020,550004
Sarthe,DEP-72,65067,72268,55697,62343,71147,73653,72227,48787,41031,562220
Savoie,DEP-73,47789,51633,44059,52616,58110,59961,53217,36858,27938,432181
Haute-Savoie,DEP-74,104732,98074,89029,120185,116584,108971,85084,59194,39529,821382
Paris,DEP-75,202147,209351,392264,332649,281832,259967,216824,157542,108352,2160928
Seine-Maritime,DEP-76,147857,158689,144250,152543,153635,160701,153130,100406,76241,1247452
Seine-et-Marne,DEP-77,195776,196620,166212,191608,197636,184427,142803,85841,56248,1417171
Yvelines,DEP-78,192521,194247,158681,184816,203228,191587,146374,102060,71804,1445318
Deux-Sèvres,DEP-79,40607,45284,32700,41503,48007,51920,50167,33871,29041,373100
Somme,DEP-80,64746,74893,67566,67848,72347,73667,71104,45204,33650,571025
Tarn,DEP-81,40086,45225,33536,41572,49027,54004,53170,37935,33299,387854
Tarn-et-Garonne,DEP-82,30565,32972,22888,30275,35016,35192,33279,22800,18210,261197
Var,DEP-83,108755,115880,96059,119478,132492,144976,146017,120451,84812,1068920
Vaucluse,DEP-84,64992,67994,55234,64204,70628,77134,71548,52074,36959,560767
Vendée,DEP-85,73972,82220,57559,76542,86878,89628,96746,67343,49733,680621
Vienne,DEP-86,46470,55755,51218,49082,53543,55617,55765,37366,32539,437355
Haute-Vienne,DEP-87,36807,43144,38265,39913,45686,49860,51141,36611,30613,372040
Vosges,DEP-88,36255,42408,32587,39019,44547,51989,52801,34773,27864,362243
Yonne,DEP-89,36071,39252,28560,37043,41865,45580,48031,32467,25433,334302
Territoire de Belfort,DEP-90,16012,17675,16006,17195,18195,18642,17217,11448,8695,141085
Essonne,DEP-91,182804,176503,163904,173894,180060,169343,124816,82143,58396,1311863
Hauts-de-Seine,DEP-92,205107,192556,215927,242224,227894,200595,148522,100573,79365,1612763
Seine-Saint-Denis,DEP-93,258444,223378,222513,253201,227590,195345,143081,79374,51966,1654892
Val-de-Marne,DEP-94,185424,174090,188894,200712,190339,177663,133389,84454,65107,1400072
Val-d'Oise,DEP-95,184817,171110,152299,174362,167115,155898,120042,68765,47392,1241800
Guadeloupe,DEP-971,41761,52218,35628,37459,51318,60928,50285,31470,20227,381294
Martinique,DEP-972,35663,44708,32547,34648,45373,63519,51152,32451,23423,363484
Guyane,DEP-973,60974,57663,39167,39061,33984,26242,16439,6852,3157,283539
La Réunion,DEP-974,123539,135671,99954,105435,115474,123718,86002,44119,24049,857961
Mayotte,DEP-976,81893,62952,35333,36337,27109,14226,7459,2921,1241,269471
EHPAD,EHPAD,0,0,0,0,0,0,53766,96381,576988,727135
HOSPITAL,HOSPITAL,7860156,8315515,7522501,8294289,8658984,8783646,7941253,5346711,3527513,66250568
France,FRA,7860156,8315515,7522501,8294289,8658984,8783646,7995019,5443092,4104501,66977703
