dateRep,day,month,year,cases,deaths,countriesAndTerritories,geoId,countryterritoryCode,popData2018,t
07/02/2020,1,1,2020,5.0,0.0,Auvergne-Rhône-Alpes,REG-84,REG-84,0,2020.1010928961748
08/02/2020,1,1,2020,5.0,0.0,Auvergne-Rhône-Alpes,REG-84,REG-84,0,2020.103825136612
10/02/2020,1,1,2020,5.0,0.0,Auvergne-Rhône-Alpes,REG-84,REG-84,0,2020.1092896174864
11/02/2020,1,1,2020,5.0,0.0,Auvergne-Rhône-Alpes,REG-84,REG-84,0,2020.1120218579235
12/02/2020,1,1,2020,5.0,0.0,Auvergne-Rhône-Alpes,REG-84,REG-84,0,2020.1147540983607
20/02/2020,1,1,2020,6.0,0.0,Auvergne-Rhône-Alpes,REG-84,REG-84,0,2020.136612021858
25/02/2020,1,1,2020,0.0,0.0,Bourgogne-Franche-Comté,REG-27,REG-27,0,2020.1502732240438
26/02/2020,1,1,2020,2.0,1.0,Hauts-de-France,REG-32,REG-32,0,2020.1530054644809
26/02/2020,1,1,2020,1.0,0.0,Grand Est,REG-44,REG-44,0,2020.1530054644809
27/02/2020,1,1,2020,2.0,0.0,Auvergne-Rhône-Alpes,REG-84,REG-84,0,2020.155737704918
28/02/2020,1,1,2020,5.0,0.0,Bourgogne-Franche-Comté,REG-27,REG-27,0,2020.1584699453551
01/03/2020,1,1,2020,10.0,0.0,Bourgogne-Franche-Comté,REG-27,REG-27,0,2020.1639344262296
02/03/2020,1,1,2020,2.0,0.0,Normandie,REG-28,REG-28,0,2020.1666666666667
02/03/2020,1,1,2020,7.0,0.0,Grand Est,REG-44,REG-44,0,2020.1666666666667
02/03/2020,1,1,2020,32.0,0.0,Auvergne-Rhône-Alpes,REG-84,REG-84,0,2020.1666666666667
03/03/2020,1,1,2020,15.0,0.0,Bourgogne-Franche-Comté,REG-27,REG-27,0,2020.1693989071039
03/03/2020,1,1,2020,36.0,0.0,Auvergne-Rhône-Alpes,REG-84,REG-84,0,2020.1693989071039
04/03/2020,1,1,2020,5.0,0.0,Guyane,REG-03,REG-03,0,2020.172131147541
04/03/2020,1,1,2020,19.0,0.0,Bourgogne-Franche-Comté,REG-27,REG-27,0,2020.172131147541
04/03/2020,1,1,2020,26.0,0.0,Grand Est,REG-44,REG-44,0,2020.172131147541
04/03/2020,1,1,2020,51.0,0.0,Auvergne-Rhône-Alpes,REG-84,REG-84,0,2020.172131147541
04/03/2020,1,1,2020,18.0,0.0,Provence-Alpes-Côte d'Azur,REG-93,REG-93,0,2020.172131147541
05/03/2020,1,1,2020,44.0,0.0,Bourgogne-Franche-Comté,REG-27,REG-27,0,2020.1748633879781
05/03/2020,1,1,2020,5.0,4.0,Hauts-de-France,REG-32,REG-32,0,2020.1748633879781
05/03/2020,1,1,2020,63.0,0.0,Auvergne-Rhône-Alpes,REG-84,REG-84,0,2020.1748633879781
05/03/2020,1,1,2020,26.0,0.0,Provence-Alpes-Côte d'Azur,REG-93,REG-93,0,2020.1748633879781
05/03/2020,1,1,2020,3.0,0.0,Corse,REG-94,REG-94,0,2020.1748633879781
06/03/2020,1,1,2020,131.0,1.0,Île-de-France,REG-11,REG-11,0,2020.1775956284152
06/03/2020,1,1,2020,80.0,0.0,Bourgogne-Franche-Comté,REG-27,REG-27,0,2020.1775956284152
06/03/2020,1,1,2020,81.0,0.0,Grand Est,REG-44,REG-44,0,2020.1775956284152
06/03/2020,1,1,2020,87.0,0.0,Auvergne-Rhône-Alpes,REG-84,REG-84,0,2020.1775956284152
06/03/2020,1,1,2020,31.0,0.0,Provence-Alpes-Côte d'Azur,REG-93,REG-93,0,2020.1775956284152
06/03/2020,1,1,2020,5.0,0.0,Corse,REG-94,REG-94,0,2020.1775956284152
07/03/2020,1,1,2020,161.0,1.0,Île-de-France,REG-11,REG-11,0,2020.1803278688524
07/03/2020,1,1,2020,106.0,0.0,Bourgogne-Franche-Comté,REG-27,REG-27,0,2020.1803278688524
07/03/2020,1,1,2020,10.0,1.0,Normandie,REG-28,REG-28,0,2020.1803278688524
07/03/2020,1,1,2020,125.0,0.0,Auvergne-Rhône-Alpes,REG-84,REG-84,0,2020.1803278688524
07/03/2020,1,1,2020,37.0,0.0,Provence-Alpes-Côte d'Azur,REG-93,REG-93,0,2020.1803278688524
07/03/2020,1,1,2020,19.0,0.0,Corse,REG-94,REG-94,0,2020.1803278688524
08/03/2020,1,1,2020,226.0,1.0,Île-de-France,REG-11,REG-11,0,2020.1830601092897
08/03/2020,1,1,2020,112.0,0.0,Bourgogne-Franche-Comté,REG-27,REG-27,0,2020.1830601092897
08/03/2020,1,1,2020,22.0,1.0,Normandie,REG-28,REG-28,0,2020.1830601092897
08/03/2020,1,1,2020,262.0,3.0,Grand Est,REG-44,REG-44,0,2020.1830601092897
08/03/2020,1,1,2020,146.0,1.0,Auvergne-Rhône-Alpes,REG-84,REG-84,0,2020.1830601092897
08/03/2020,1,1,2020,52.0,0.0,Provence-Alpes-Côte d'Azur,REG-93,REG-93,0,2020.1830601092897
09/03/2020,1,1,2020,283.0,1.0,Île-de-France,REG-11,REG-11,0,2020.1857923497269
09/03/2020,1,1,2020,119.0,0.0,Bourgogne-Franche-Comté,REG-27,REG-27,0,2020.1857923497269
09/03/2020,1,1,2020,25.0,1.0,Normandie,REG-28,REG-28,0,2020.1857923497269
09/03/2020,1,1,2020,181.0,15.0,Hauts-de-France,REG-32,REG-32,0,2020.1857923497269
09/03/2020,1,1,2020,310.0,4.0,Grand Est,REG-44,REG-44,0,2020.1857923497269
09/03/2020,1,1,2020,182.0,3.0,Auvergne-Rhône-Alpes,REG-84,REG-84,0,2020.1857923497269
09/03/2020,1,1,2020,72.0,0.0,Provence-Alpes-Côte d'Azur,REG-93,REG-93,0,2020.1857923497269
09/03/2020,1,1,2020,38.0,1.0,Corse,REG-94,REG-94,0,2020.1857923497269
10/03/2020,1,1,2020,283.0,4.0,Île-de-France,REG-11,REG-11,0,2020.188524590164
10/03/2020,1,1,2020,147.0,1.0,Bourgogne-Franche-Comté,REG-27,REG-27,0,2020.188524590164
10/03/2020,1,1,2020,39.0,1.0,Normandie,REG-28,REG-28,0,2020.188524590164
10/03/2020,1,1,2020,222.0,16.0,Hauts-de-France,REG-32,REG-32,0,2020.188524590164
10/03/2020,1,1,2020,464.0,5.0,Grand Est,REG-44,REG-44,0,2020.188524590164
10/03/2020,1,1,2020,227.0,3.0,Auvergne-Rhône-Alpes,REG-84,REG-84,0,2020.188524590164
10/03/2020,1,1,2020,90.0,0.0,Provence-Alpes-Côte d'Azur,REG-93,REG-93,0,2020.188524590164
10/03/2020,1,1,2020,42.0,2.0,Corse,REG-94,REG-94,0,2020.188524590164
11/03/2020,1,1,2020,6.0,0.0,Guyane,REG-03,REG-03,0,2020.191256830601
11/03/2020,1,1,2020,512.0,4.0,Île-de-France,REG-11,REG-11,0,2020.191256830601
11/03/2020,1,1,2020,165.0,3.0,Bourgogne-Franche-Comté,REG-27,REG-27,0,2020.191256830601
11/03/2020,1,1,2020,57.0,1.0,Normandie,REG-28,REG-28,0,2020.191256830601
11/03/2020,1,1,2020,587.0,9.0,Grand Est,REG-44,REG-44,0,2020.191256830601
11/03/2020,1,1,2020,93.0,1.0,Bretagne,REG-53,REG-53,0,2020.191256830601
11/03/2020,1,1,2020,262.0,3.0,Auvergne-Rhône-Alpes,REG-84,REG-84,0,2020.191256830601
11/03/2020,1,1,2020,112.0,0.0,Provence-Alpes-Côte d'Azur,REG-93,REG-93,0,2020.191256830601
11/03/2020,1,1,2020,51.0,3.0,Corse,REG-94,REG-94,0,2020.191256830601
12/03/2020,1,1,2020,605.0,4.0,Île-de-France,REG-11,REG-11,0,2020.1939890710382
12/03/2020,1,1,2020,219.0,5.0,Bourgogne-Franche-Comté,REG-27,REG-27,0,2020.1939890710382
12/03/2020,1,1,2020,68.0,1.0,Normandie,REG-28,REG-28,0,2020.1939890710382
12/03/2020,1,1,2020,337.0,20.0,Hauts-de-France,REG-32,REG-32,0,2020.1939890710382
12/03/2020,1,1,2020,120.0,3.0,Bretagne,REG-53,REG-53,0,2020.1939890710382
12/03/2020,1,1,2020,333.0,7.0,Auvergne-Rhône-Alpes,REG-84,REG-84,0,2020.1939890710382
12/03/2020,1,1,2020,151.0,0.0,Provence-Alpes-Côte d'Azur,REG-93,REG-93,0,2020.1939890710382
12/03/2020,1,1,2020,64.0,3.0,Corse,REG-94,REG-94,0,2020.1939890710382
13/03/2020,1,1,2020,272.0,5.0,Bourgogne-Franche-Comté,REG-27,REG-27,0,2020.1967213114754
13/03/2020,1,1,2020,97.0,1.0,Normandie,REG-28,REG-28,0,2020.1967213114754
13/03/2020,1,1,2020,368.0,26.0,Hauts-de-France,REG-32,REG-32,0,2020.1967213114754
13/03/2020,1,1,2020,910.0,21.0,Grand Est,REG-44,REG-44,0,2020.1967213114754
13/03/2020,1,1,2020,157.0,3.0,Bretagne,REG-53,REG-53,0,2020.1967213114754
13/03/2020,1,1,2020,211.0,0.0,Provence-Alpes-Côte d'Azur,REG-93,REG-93,0,2020.1967213114754
13/03/2020,1,1,2020,85.0,5.0,Corse,REG-94,REG-94,0,2020.1967213114754
14/03/2020,1,1,2020,7.0,0.0,Guyane,REG-03,REG-03,0,2020.1994535519125
14/03/2020,1,1,2020,340.0,6.0,Bourgogne-Franche-Comté,REG-27,REG-27,0,2020.1994535519125
14/03/2020,1,1,2020,127.0,1.0,Normandie,REG-28,REG-28,0,2020.1994535519125
14/03/2020,1,1,2020,463.0,29.0,Hauts-de-France,REG-32,REG-32,0,2020.1994535519125
14/03/2020,1,1,2020,1085.0,24.0,Grand Est,REG-44,REG-44,0,2020.1994535519125
14/03/2020,1,1,2020,178.0,3.0,Bretagne,REG-53,REG-53,0,2020.1994535519125
14/03/2020,1,1,2020,449.0,12.0,Auvergne-Rhône-Alpes,REG-84,REG-84,0,2020.1994535519125
14/03/2020,1,1,2020,106.0,5.0,Corse,REG-94,REG-94,0,2020.1994535519125
15/03/2020,1,1,2020,11.0,0.0,Guyane,REG-03,REG-03,0,2020.2021857923498
15/03/2020,1,1,2020,412.0,6.0,Bourgogne-Franche-Comté,REG-27,REG-27,0,2020.2021857923498
15/03/2020,1,1,2020,143.0,1.0,Normandie,REG-28,REG-28,0,2020.2021857923498
15/03/2020,1,1,2020,1378.0,45.0,Grand Est,REG-44,REG-44,0,2020.2021857923498
15/03/2020,1,1,2020,195.0,3.0,Bretagne,REG-53,REG-53,0,2020.2021857923498
15/03/2020,1,1,2020,152.0,2.0,Nouvelle-Aquitaine,REG-75,REG-75,0,2020.2021857923498
15/03/2020,1,1,2020,254.0,1.0,Occitanie,REG-76,REG-76,0,2020.2021857923498
15/03/2020,1,1,2020,523.0,18.0,Auvergne-Rhône-Alpes,REG-84,REG-84,0,2020.2021857923498
15/03/2020,1,1,2020,115.0,5.0,Corse,REG-94,REG-94,0,2020.2021857923498
16/03/2020,1,1,2020,507.0,6.0,Bourgogne-Franche-Comté,REG-27,REG-27,0,2020.204918032787
16/03/2020,1,1,2020,587.0,39.0,Hauts-de-France,REG-32,REG-32,0,2020.204918032787
16/03/2020,1,1,2020,1543.0,51.0,Grand Est,REG-44,REG-44,0,2020.204918032787
16/03/2020,1,1,2020,109.0,0.0,Pays de la Loire,REG-52,REG-52,0,2020.204918032787
16/03/2020,1,1,2020,213.0,3.0,Bretagne,REG-53,REG-53,0,2020.204918032787
16/03/2020,1,1,2020,179.0,2.0,Nouvelle-Aquitaine,REG-75,REG-75,0,2020.204918032787
16/03/2020,1,1,2020,284.0,3.0,Occitanie,REG-76,REG-76,0,2020.204918032787
16/03/2020,1,1,2020,617.0,20.0,Auvergne-Rhône-Alpes,REG-84,REG-84,0,2020.204918032787
16/03/2020,1,1,2020,126.0,7.0,Corse,REG-94,REG-94,0,2020.204918032787
17/03/2020,1,1,2020,103.0,1.0,Centre-Val de Loire,REG-24,REG-24,0,2020.207650273224
17/03/2020,1,1,2020,0.0,10.0,Bourgogne-Franche-Comté,REG-27,REG-27,0,2020.207650273224
17/03/2020,1,1,2020,613.0,46.0,Hauts-de-France,REG-32,REG-32,0,2020.207650273224
17/03/2020,1,1,2020,1820.0,61.0,Grand Est,REG-44,REG-44,0,2020.207650273224
17/03/2020,1,1,2020,0.0,1.0,Pays de la Loire,REG-52,REG-52,0,2020.207650273224
17/03/2020,1,1,2020,236.0,3.0,Bretagne,REG-53,REG-53,0,2020.207650273224
17/03/2020,1,1,2020,207.0,2.0,Nouvelle-Aquitaine,REG-75,REG-75,0,2020.207650273224
17/03/2020,1,1,2020,313.0,5.0,Occitanie,REG-76,REG-76,0,2020.207650273224
17/03/2020,1,1,2020,706.0,24.0,Auvergne-Rhône-Alpes,REG-84,REG-84,0,2020.207650273224
17/03/2020,1,1,2020,481.0,4.0,Provence-Alpes-Côte d'Azur,REG-93,REG-93,0,2020.207650273224
18/03/2020,1,1,2020,0.0,0.0,Guadeloupe,REG-01,REG-01,0,2020.2103825136612
18/03/2020,1,1,2020,0.0,1.0,Martinique,REG-02,REG-02,0,2020.2103825136612
18/03/2020,1,1,2020,15.0,0.0,Guyane,REG-03,REG-03,0,2020.2103825136612
18/03/2020,1,1,2020,0.0,0.0,La Réunion,REG-04,REG-04,0,2020.2103825136612
18/03/2020,1,1,2020,0.0,0.0,Mayotte,REG-06,REG-06,0,2020.2103825136612
18/03/2020,1,1,2020,0.0,36.0,Île-de-France,REG-11,REG-11,0,2020.2103825136612
18/03/2020,1,1,2020,128.0,1.0,Centre-Val de Loire,REG-24,REG-24,0,2020.2103825136612
18/03/2020,1,1,2020,0.0,20.0,Bourgogne-Franche-Comté,REG-27,REG-27,0,2020.2103825136612
18/03/2020,1,1,2020,208.0,3.0,Normandie,REG-28,REG-28,0,2020.2103825136612
18/03/2020,1,1,2020,668.0,55.0,Hauts-de-France,REG-32,REG-32,0,2020.2103825136612
18/03/2020,1,1,2020,0.0,120.0,Grand Est,REG-44,REG-44,0,2020.2103825136612
18/03/2020,1,1,2020,0.0,1.0,Pays de la Loire,REG-52,REG-52,0,2020.2103825136612
18/03/2020,1,1,2020,252.0,7.0,Bretagne,REG-53,REG-53,0,2020.2103825136612
18/03/2020,1,1,2020,242.0,2.0,Nouvelle-Aquitaine,REG-75,REG-75,0,2020.2103825136612
18/03/2020,1,1,2020,389.0,10.0,Occitanie,REG-76,REG-76,0,2020.2103825136612
18/03/2020,1,1,2020,858.0,27.0,Auvergne-Rhône-Alpes,REG-84,REG-84,0,2020.2103825136612
18/03/2020,1,1,2020,566.0,7.0,Provence-Alpes-Côte d'Azur,REG-93,REG-93,0,2020.2103825136612
18/03/2020,1,1,2020,0.0,0.0,Corse,REG-94,REG-94,0,2020.2103825136612
19/03/2020,1,1,2020,0.0,0.0,Guadeloupe,REG-01,REG-01,0,2020.2131147540983
19/03/2020,1,1,2020,0.0,1.0,Martinique,REG-02,REG-02,0,2020.2131147540983
19/03/2020,1,1,2020,15.0,0.0,Guyane,REG-03,REG-03,0,2020.2131147540983
19/03/2020,1,1,2020,0.0,0.0,La Réunion,REG-04,REG-04,0,2020.2131147540983
19/03/2020,1,1,2020,0.0,0.0,Mayotte,REG-06,REG-06,0,2020.2131147540983
19/03/2020,1,1,2020,0.0,56.0,Île-de-France,REG-11,REG-11,0,2020.2131147540983
19/03/2020,1,1,2020,157.0,1.0,Centre-Val de Loire,REG-24,REG-24,0,2020.2131147540983
19/03/2020,1,1,2020,0.0,23.0,Bourgogne-Franche-Comté,REG-27,REG-27,0,2020.2131147540983
19/03/2020,1,1,2020,241.0,5.0,Normandie,REG-28,REG-28,0,2020.2131147540983
19/03/2020,1,1,2020,719.0,69.0,Hauts-de-France,REG-32,REG-32,0,2020.2131147540983
19/03/2020,1,1,2020,0.0,93.0,Grand Est,REG-44,REG-44,0,2020.2131147540983
19/03/2020,1,1,2020,0.0,3.0,Pays de la Loire,REG-52,REG-52,0,2020.2131147540983
19/03/2020,1,1,2020,268.0,10.0,Bretagne,REG-53,REG-53,0,2020.2131147540983
19/03/2020,1,1,2020,305.0,3.0,Nouvelle-Aquitaine,REG-75,REG-75,0,2020.2131147540983
19/03/2020,1,1,2020,472.0,17.0,Occitanie,REG-76,REG-76,0,2020.2131147540983
19/03/2020,1,1,2020,1014.0,39.0,Auvergne-Rhône-Alpes,REG-84,REG-84,0,2020.2131147540983
19/03/2020,1,1,2020,690.0,9.0,Provence-Alpes-Côte d'Azur,REG-93,REG-93,0,2020.2131147540983
19/03/2020,1,1,2020,0.0,1.0,Corse,REG-94,REG-94,0,2020.2131147540983
20/03/2020,1,1,2020,51.0,1.0,Guadeloupe,REG-01,REG-01,0,2020.2158469945355
20/03/2020,1,1,2020,0.0,1.0,Martinique,REG-02,REG-02,0,2020.2158469945355
20/03/2020,1,1,2020,18.0,0.0,Guyane,REG-03,REG-03,0,2020.2158469945355
20/03/2020,1,1,2020,0.0,0.0,La Réunion,REG-04,REG-04,0,2020.2158469945355
20/03/2020,1,1,2020,0.0,0.0,Mayotte,REG-06,REG-06,0,2020.2158469945355
20/03/2020,1,1,2020,0.0,99.0,Île-de-France,REG-11,REG-11,0,2020.2158469945355
20/03/2020,1,1,2020,219.0,1.0,Centre-Val de Loire,REG-24,REG-24,0,2020.2158469945355
20/03/2020,1,1,2020,0.0,28.0,Bourgogne-Franche-Comté,REG-27,REG-27,0,2020.2158469945355
20/03/2020,1,1,2020,287.0,7.0,Normandie,REG-28,REG-28,0,2020.2158469945355
20/03/2020,1,1,2020,740.0,81.0,Hauts-de-France,REG-32,REG-32,0,2020.2158469945355
20/03/2020,1,1,2020,0.0,105.0,Grand Est,REG-44,REG-44,0,2020.2158469945355
20/03/2020,1,1,2020,161.0,3.0,Pays de la Loire,REG-52,REG-52,0,2020.2158469945355
20/03/2020,1,1,2020,306.0,12.0,Bretagne,REG-53,REG-53,0,2020.2158469945355
20/03/2020,1,1,2020,406.0,3.0,Nouvelle-Aquitaine,REG-75,REG-75,0,2020.2158469945355
20/03/2020,1,1,2020,520.0,23.0,Occitanie,REG-76,REG-76,0,2020.2158469945355
20/03/2020,1,1,2020,0.0,33.0,Auvergne-Rhône-Alpes,REG-84,REG-84,0,2020.2158469945355
20/03/2020,1,1,2020,755.0,11.0,Provence-Alpes-Côte d'Azur,REG-93,REG-93,0,2020.2158469945355
20/03/2020,1,1,2020,0.0,3.0,Corse,REG-94,REG-94,0,2020.2158469945355
21/03/2020,1,1,2020,56.0,0.0,Guadeloupe,REG-01,REG-01,0,2020.2185792349726
21/03/2020,1,1,2020,37.0,0.0,Martinique,REG-02,REG-02,0,2020.2185792349726
21/03/2020,1,1,2020,19.0,0.0,Guyane,REG-03,REG-03,0,2020.2185792349726
21/03/2020,1,1,2020,0.0,0.0,La Réunion,REG-04,REG-04,0,2020.2185792349726
21/03/2020,1,1,2020,0.0,0.0,Mayotte,REG-06,REG-06,0,2020.2185792349726
21/03/2020,1,1,2020,0.0,122.0,Île-de-France,REG-11,REG-11,0,2020.2185792349726
21/03/2020,1,1,2020,254.0,2.0,Centre-Val de Loire,REG-24,REG-24,0,2020.2185792349726
21/03/2020,1,1,2020,0.0,36.0,Bourgogne-Franche-Comté,REG-27,REG-27,0,2020.2185792349726
21/03/2020,1,1,2020,345.0,7.0,Normandie,REG-28,REG-28,0,2020.2185792349726
21/03/2020,1,1,2020,856.0,91.0,Hauts-de-France,REG-32,REG-32,0,2020.2185792349726
21/03/2020,1,1,2020,0.0,230.0,Grand Est,REG-44,REG-44,0,2020.2185792349726
21/03/2020,1,1,2020,0.0,3.0,Pays de la Loire,REG-52,REG-52,0,2020.2185792349726
21/03/2020,1,1,2020,359.0,15.0,Bretagne,REG-53,REG-53,0,2020.2185792349726
21/03/2020,1,1,2020,501.0,7.0,Nouvelle-Aquitaine,REG-75,REG-75,0,2020.2185792349726
21/03/2020,1,1,2020,611.0,27.0,Occitanie,REG-76,REG-76,0,2020.2185792349726
21/03/2020,1,1,2020,1266.0,57.0,Auvergne-Rhône-Alpes,REG-84,REG-84,0,2020.2185792349726
21/03/2020,1,1,2020,1041.0,13.0,Provence-Alpes-Côte d'Azur,REG-93,REG-93,0,2020.2185792349726
21/03/2020,1,1,2020,0.0,4.0,Corse,REG-94,REG-94,0,2020.2185792349726
22/03/2020,1,1,2020,58.0,0.0,Guadeloupe,REG-01,REG-01,0,2020.22131147541
22/03/2020,1,1,2020,44.0,0.0,Martinique,REG-02,REG-02,0,2020.22131147541
22/03/2020,1,1,2020,20.0,0.0,Guyane,REG-03,REG-03,0,2020.22131147541
22/03/2020,1,1,2020,0.0,0.0,La Réunion,REG-04,REG-04,0,2020.22131147541
22/03/2020,1,1,2020,0.0,0.0,Mayotte,REG-06,REG-06,0,2020.22131147541
22/03/2020,1,1,2020,0.0,140.0,Île-de-France,REG-11,REG-11,0,2020.22131147541
22/03/2020,1,1,2020,291.0,2.0,Centre-Val de Loire,REG-24,REG-24,0,2020.22131147541
22/03/2020,1,1,2020,0.0,51.0,Bourgogne-Franche-Comté,REG-27,REG-27,0,2020.22131147541
22/03/2020,1,1,2020,462.0,9.0,Normandie,REG-28,REG-28,0,2020.22131147541
22/03/2020,1,1,2020,943.0,97.0,Hauts-de-France,REG-32,REG-32,0,2020.22131147541
22/03/2020,1,1,2020,0.0,252.0,Grand Est,REG-44,REG-44,0,2020.22131147541
22/03/2020,1,1,2020,0.0,4.0,Pays de la Loire,REG-52,REG-52,0,2020.22131147541
22/03/2020,1,1,2020,446.0,17.0,Bretagne,REG-53,REG-53,0,2020.22131147541
22/03/2020,1,1,2020,593.0,8.0,Nouvelle-Aquitaine,REG-75,REG-75,0,2020.22131147541
22/03/2020,1,1,2020,671.0,30.0,Occitanie,REG-76,REG-76,0,2020.22131147541
22/03/2020,1,1,2020,1431.0,72.0,Auvergne-Rhône-Alpes,REG-84,REG-84,0,2020.22131147541
22/03/2020,1,1,2020,1316.0,15.0,Provence-Alpes-Côte d'Azur,REG-93,REG-93,0,2020.22131147541
22/03/2020,1,1,2020,0.0,6.0,Corse,REG-94,REG-94,0,2020.22131147541
23/03/2020,1,1,2020,62.0,0.0,Guadeloupe,REG-01,REG-01,0,2020.224043715847
23/03/2020,1,1,2020,53.0,0.0,Martinique,REG-02,REG-02,0,2020.224043715847
23/03/2020,1,1,2020,23.0,0.0,Guyane,REG-03,REG-03,0,2020.224043715847
23/03/2020,1,1,2020,0.0,0.0,La Réunion,REG-04,REG-04,0,2020.224043715847
23/03/2020,1,1,2020,0.0,0.0,Mayotte,REG-06,REG-06,0,2020.224043715847
23/03/2020,1,1,2020,0.0,193.0,Île-de-France,REG-11,REG-11,0,2020.224043715847
23/03/2020,1,1,2020,361.0,8.0,Centre-Val de Loire,REG-24,REG-24,0,2020.224043715847
23/03/2020,1,1,2020,0.0,62.0,Bourgogne-Franche-Comté,REG-27,REG-27,0,2020.224043715847
23/03/2020,1,1,2020,511.0,10.0,Normandie,REG-28,REG-28,0,2020.224043715847
23/03/2020,1,1,2020,1287.0,108.0,Hauts-de-France,REG-32,REG-32,0,2020.224043715847
23/03/2020,1,1,2020,0.0,335.0,Grand Est,REG-44,REG-44,0,2020.224043715847
23/03/2020,1,1,2020,293.0,10.0,Pays de la Loire,REG-52,REG-52,0,2020.224043715847
23/03/2020,1,1,2020,490.0,22.0,Bretagne,REG-53,REG-53,0,2020.224043715847
23/03/2020,1,1,2020,656.0,13.0,Nouvelle-Aquitaine,REG-75,REG-75,0,2020.224043715847
23/03/2020,1,1,2020,781.0,32.0,Occitanie,REG-76,REG-76,0,2020.224043715847
23/03/2020,1,1,2020,1738.0,85.0,Auvergne-Rhône-Alpes,REG-84,REG-84,0,2020.224043715847
23/03/2020,1,1,2020,1510.0,20.0,Provence-Alpes-Côte d'Azur,REG-93,REG-93,0,2020.224043715847
23/03/2020,1,1,2020,203.0,11.0,Corse,REG-94,REG-94,0,2020.224043715847
24/03/2020,1,1,2020,73.0,1.0,Guadeloupe,REG-01,REG-01,0,2020.2267759562842
24/03/2020,1,1,2020,57.0,0.0,Martinique,REG-02,REG-02,0,2020.2267759562842
24/03/2020,1,1,2020,27.0,0.0,Guyane,REG-03,REG-03,0,2020.2267759562842
24/03/2020,1,1,2020,0.0,0.0,La Réunion,REG-04,REG-04,0,2020.2267759562842
24/03/2020,1,1,2020,0.0,0.0,Mayotte,REG-06,REG-06,0,2020.2267759562842
24/03/2020,1,1,2020,0.0,262.0,Île-de-France,REG-11,REG-11,0,2020.2267759562842
24/03/2020,1,1,2020,450.0,8.0,Centre-Val de Loire,REG-24,REG-24,0,2020.2267759562842
24/03/2020,1,1,2020,0.0,86.0,Bourgogne-Franche-Comté,REG-27,REG-27,0,2020.2267759562842
24/03/2020,1,1,2020,586.0,16.0,Normandie,REG-28,REG-28,0,2020.2267759562842
24/03/2020,1,1,2020,1532.0,123.0,Hauts-de-France,REG-32,REG-32,0,2020.2267759562842
24/03/2020,1,1,2020,0.0,407.0,Grand Est,REG-44,REG-44,0,2020.2267759562842
24/03/2020,1,1,2020,343.0,14.0,Pays de la Loire,REG-52,REG-52,0,2020.2267759562842
24/03/2020,1,1,2020,526.0,25.0,Bretagne,REG-53,REG-53,0,2020.2267759562842
24/03/2020,1,1,2020,753.0,14.0,Nouvelle-Aquitaine,REG-75,REG-75,0,2020.2267759562842
24/03/2020,1,1,2020,900.0,40.0,Occitanie,REG-76,REG-76,0,2020.2267759562842
24/03/2020,1,1,2020,1857.0,86.0,Auvergne-Rhône-Alpes,REG-84,REG-84,0,2020.2267759562842
24/03/2020,1,1,2020,0.0,26.0,Provence-Alpes-Côte d'Azur,REG-93,REG-93,0,2020.2267759562842
24/03/2020,1,1,2020,218.0,12.0,Corse,REG-94,REG-94,0,2020.2267759562842
25/03/2020,1,1,2020,76.0,1.0,Guadeloupe,REG-01,REG-01,0,2020.2295081967213
25/03/2020,1,1,2020,66.0,0.0,Martinique,REG-02,REG-02,0,2020.2295081967213
25/03/2020,1,1,2020,30.0,0.0,Guyane,REG-03,REG-03,0,2020.2295081967213
25/03/2020,1,1,2020,0.0,0.0,La Réunion,REG-04,REG-04,0,2020.2295081967213
25/03/2020,1,1,2020,0.0,0.0,Mayotte,REG-06,REG-06,0,2020.2295081967213
25/03/2020,1,1,2020,0.0,357.0,Île-de-France,REG-11,REG-11,0,2020.2295081967213
25/03/2020,1,1,2020,561.0,13.0,Centre-Val de Loire,REG-24,REG-24,0,2020.2295081967213
25/03/2020,1,1,2020,0.0,102.0,Bourgogne-Franche-Comté,REG-27,REG-27,0,2020.2295081967213
25/03/2020,1,1,2020,688.0,19.0,Normandie,REG-28,REG-28,0,2020.2295081967213
25/03/2020,1,1,2020,1753.0,137.0,Hauts-de-France,REG-32,REG-32,0,2020.2295081967213
25/03/2020,1,1,2020,0.0,506.0,Grand Est,REG-44,REG-44,0,2020.2295081967213
25/03/2020,1,1,2020,379.0,17.0,Pays de la Loire,REG-52,REG-52,0,2020.2295081967213
25/03/2020,1,1,2020,603.0,28.0,Bretagne,REG-53,REG-53,0,2020.2295081967213
25/03/2020,1,1,2020,875.0,25.0,Nouvelle-Aquitaine,REG-75,REG-75,0,2020.2295081967213
25/03/2020,1,1,2020,1082.0,45.0,Occitanie,REG-76,REG-76,0,2020.2295081967213
25/03/2020,1,1,2020,2093.0,104.0,Auvergne-Rhône-Alpes,REG-84,REG-84,0,2020.2295081967213
25/03/2020,1,1,2020,0.0,33.0,Provence-Alpes-Côte d'Azur,REG-93,REG-93,0,2020.2295081967213
25/03/2020,1,1,2020,233.0,15.0,Corse,REG-94,REG-94,0,2020.2295081967213
26/03/2020,1,1,2020,0.0,0.0,Guadeloupe,REG-01,REG-01,0,2020.2322404371585
26/03/2020,1,1,2020,80.0,0.0,Martinique,REG-02,REG-02,0,2020.2322404371585
26/03/2020,1,1,2020,0.0,0.0,Guyane,REG-03,REG-03,0,2020.2322404371585
26/03/2020,1,1,2020,0.0,0.0,La Réunion,REG-04,REG-04,0,2020.2322404371585
26/03/2020,1,1,2020,0.0,0.0,Mayotte,REG-06,REG-06,0,2020.2322404371585
26/03/2020,1,1,2020,0.0,460.0,Île-de-France,REG-11,REG-11,0,2020.2322404371585
26/03/2020,1,1,2020,645.0,20.0,Centre-Val de Loire,REG-24,REG-24,0,2020.2322404371585
26/03/2020,1,1,2020,0.0,123.0,Bourgogne-Franche-Comté,REG-27,REG-27,0,2020.2322404371585
26/03/2020,1,1,2020,789.0,20.0,Normandie,REG-28,REG-28,0,2020.2322404371585
26/03/2020,1,1,2020,1910.0,147.0,Hauts-de-France,REG-32,REG-32,0,2020.2322404371585
26/03/2020,1,1,2020,0.0,580.0,Grand Est,REG-44,REG-44,0,2020.2322404371585
26/03/2020,1,1,2020,459.0,31.0,Pays de la Loire,REG-52,REG-52,0,2020.2322404371585
26/03/2020,1,1,2020,707.0,29.0,Bretagne,REG-53,REG-53,0,2020.2322404371585
26/03/2020,1,1,2020,1007.0,34.0,Nouvelle-Aquitaine,REG-75,REG-75,0,2020.2322404371585
26/03/2020,1,1,2020,1285.0,54.0,Occitanie,REG-76,REG-76,0,2020.2322404371585
26/03/2020,1,1,2020,0.0,133.0,Auvergne-Rhône-Alpes,REG-84,REG-84,0,2020.2322404371585
26/03/2020,1,1,2020,0.0,44.0,Provence-Alpes-Côte d'Azur,REG-93,REG-93,0,2020.2322404371585
26/03/2020,1,1,2020,250.0,21.0,Corse,REG-94,REG-94,0,2020.2322404371585
27/03/2020,1,1,2020,0.0,1.0,Guadeloupe,REG-01,REG-01,0,2020.2349726775956
27/03/2020,1,1,2020,93.0,0.0,Martinique,REG-02,REG-02,0,2020.2349726775956
27/03/2020,1,1,2020,0.0,0.0,Guyane,REG-03,REG-03,0,2020.2349726775956
27/03/2020,1,1,2020,0.0,0.0,La Réunion,REG-04,REG-04,0,2020.2349726775956
27/03/2020,1,1,2020,0.0,0.0,Mayotte,REG-06,REG-06,0,2020.2349726775956
27/03/2020,1,1,2020,0.0,578.0,Île-de-France,REG-11,REG-11,0,2020.2349726775956
27/03/2020,1,1,2020,830.0,26.0,Centre-Val de Loire,REG-24,REG-24,0,2020.2349726775956
27/03/2020,1,1,2020,0.0,139.0,Bourgogne-Franche-Comté,REG-27,REG-27,0,2020.2349726775956
27/03/2020,1,1,2020,912.0,25.0,Normandie,REG-28,REG-28,0,2020.2349726775956
27/03/2020,1,1,2020,2300.0,157.0,Hauts-de-France,REG-32,REG-32,0,2020.2349726775956
27/03/2020,1,1,2020,0.0,657.0,Grand Est,REG-44,REG-44,0,2020.2349726775956
27/03/2020,1,1,2020,530.0,42.0,Pays de la Loire,REG-52,REG-52,0,2020.2349726775956
27/03/2020,1,1,2020,797.0,32.0,Bretagne,REG-53,REG-53,0,2020.2349726775956
27/03/2020,1,1,2020,0.0,42.0,Nouvelle-Aquitaine,REG-75,REG-75,0,2020.2349726775956
27/03/2020,1,1,2020,1553.0,61.0,Occitanie,REG-76,REG-76,0,2020.2349726775956
27/03/2020,1,1,2020,0.0,166.0,Auvergne-Rhône-Alpes,REG-84,REG-84,0,2020.2349726775956
27/03/2020,1,1,2020,0.0,48.0,Provence-Alpes-Côte d'Azur,REG-93,REG-93,0,2020.2349726775956
27/03/2020,1,1,2020,263.0,21.0,Corse,REG-94,REG-94,0,2020.2349726775956
28/03/2020,1,1,2020,0.0,1.0,Guadeloupe,REG-01,REG-01,0,2020.2377049180327
28/03/2020,1,1,2020,0.0,1.0,Martinique,REG-02,REG-02,0,2020.2377049180327
28/03/2020,1,1,2020,0.0,0.0,Guyane,REG-03,REG-03,0,2020.2377049180327
28/03/2020,1,1,2020,0.0,0.0,La Réunion,REG-04,REG-04,0,2020.2377049180327
28/03/2020,1,1,2020,0.0,0.0,Mayotte,REG-06,REG-06,0,2020.2377049180327
28/03/2020,1,1,2020,0.0,688.0,Île-de-France,REG-11,REG-11,0,2020.2377049180327
28/03/2020,1,1,2020,1030.0,35.0,Centre-Val de Loire,REG-24,REG-24,0,2020.2377049180327
28/03/2020,1,1,2020,0.0,148.0,Bourgogne-Franche-Comté,REG-27,REG-27,0,2020.2377049180327
28/03/2020,1,1,2020,0.0,26.0,Normandie,REG-28,REG-28,0,2020.2377049180327
28/03/2020,1,1,2020,2498.0,183.0,Hauts-de-France,REG-32,REG-32,0,2020.2377049180327
28/03/2020,1,1,2020,0.0,753.0,Grand Est,REG-44,REG-44,0,2020.2377049180327
28/03/2020,1,1,2020,637.0,42.0,Pays de la Loire,REG-52,REG-52,0,2020.2377049180327
28/03/2020,1,1,2020,889.0,37.0,Bretagne,REG-53,REG-53,0,2020.2377049180327
28/03/2020,1,1,2020,0.0,50.0,Nouvelle-Aquitaine,REG-75,REG-75,0,2020.2377049180327
28/03/2020,1,1,2020,1823.0,67.0,Occitanie,REG-76,REG-76,0,2020.2377049180327
28/03/2020,1,1,2020,0.0,196.0,Auvergne-Rhône-Alpes,REG-84,REG-84,0,2020.2377049180327
28/03/2020,1,1,2020,0.0,55.0,Provence-Alpes-Côte d'Azur,REG-93,REG-93,0,2020.2377049180327
28/03/2020,1,1,2020,0.0,19.0,Corse,REG-94,REG-94,0,2020.2377049180327
29/03/2020,1,1,2020,106.0,4.0,Guadeloupe,REG-01,REG-01,0,2020.24043715847
29/03/2020,1,1,2020,111.0,2.0,Martinique,REG-02,REG-02,0,2020.24043715847
29/03/2020,1,1,2020,0.0,0.0,Guyane,REG-03,REG-03,0,2020.24043715847
29/03/2020,1,1,2020,0.0,0.0,La Réunion,REG-04,REG-04,0,2020.24043715847
29/03/2020,1,1,2020,0.0,0.0,Mayotte,REG-06,REG-06,0,2020.24043715847
29/03/2020,1,1,2020,0.0,807.0,Île-de-France,REG-11,REG-11,0,2020.24043715847
29/03/2020,1,1,2020,1157.0,39.0,Centre-Val de Loire,REG-24,REG-24,0,2020.24043715847
29/03/2020,1,1,2020,0.0,164.0,Bourgogne-Franche-Comté,REG-27,REG-27,0,2020.24043715847
29/03/2020,1,1,2020,0.0,32.0,Normandie,REG-28,REG-28,0,2020.24043715847
29/03/2020,1,1,2020,2653.0,188.0,Hauts-de-France,REG-32,REG-32,0,2020.24043715847
29/03/2020,1,1,2020,0.0,815.0,Grand Est,REG-44,REG-44,0,2020.24043715847
29/03/2020,1,1,2020,780.0,47.0,Pays de la Loire,REG-52,REG-52,0,2020.24043715847
29/03/2020,1,1,2020,962.0,39.0,Bretagne,REG-53,REG-53,0,2020.24043715847
29/03/2020,1,1,2020,0.0,58.0,Nouvelle-Aquitaine,REG-75,REG-75,0,2020.24043715847
29/03/2020,1,1,2020,2002.0,72.0,Occitanie,REG-76,REG-76,0,2020.24043715847
29/03/2020,1,1,2020,0.0,227.0,Auvergne-Rhône-Alpes,REG-84,REG-84,0,2020.24043715847
29/03/2020,1,1,2020,0.0,65.0,Provence-Alpes-Côte d'Azur,REG-93,REG-93,0,2020.24043715847
29/03/2020,1,1,2020,0.0,19.0,Corse,REG-94,REG-94,0,2020.24043715847
30/03/2020,1,1,2020,0.0,4.0,Guadeloupe,REG-01,REG-01,0,2020.2431693989072
30/03/2020,1,1,2020,0.0,3.0,Martinique,REG-02,REG-02,0,2020.2431693989072
30/03/2020,1,1,2020,0.0,0.0,Guyane,REG-03,REG-03,0,2020.2431693989072
30/03/2020,1,1,2020,0.0,0.0,La Réunion,REG-04,REG-04,0,2020.2431693989072
30/03/2020,1,1,2020,0.0,0.0,Mayotte,REG-06,REG-06,0,2020.2431693989072
30/03/2020,1,1,2020,0.0,954.0,Île-de-France,REG-11,REG-11,0,2020.2431693989072
30/03/2020,1,1,2020,0.0,53.0,Centre-Val de Loire,REG-24,REG-24,0,2020.2431693989072
30/03/2020,1,1,2020,0.0,187.0,Bourgogne-Franche-Comté,REG-27,REG-27,0,2020.2431693989072
30/03/2020,1,1,2020,0.0,42.0,Normandie,REG-28,REG-28,0,2020.2431693989072
30/03/2020,1,1,2020,3011.0,208.0,Hauts-de-France,REG-32,REG-32,0,2020.2431693989072
30/03/2020,1,1,2020,0.0,919.0,Grand Est,REG-44,REG-44,0,2020.2431693989072
30/03/2020,1,1,2020,852.0,58.0,Pays de la Loire,REG-52,REG-52,0,2020.2431693989072
30/03/2020,1,1,2020,0.0,45.0,Bretagne,REG-53,REG-53,0,2020.2431693989072
30/03/2020,1,1,2020,0.0,72.0,Nouvelle-Aquitaine,REG-75,REG-75,0,2020.2431693989072
30/03/2020,1,1,2020,2126.0,81.0,Occitanie,REG-76,REG-76,0,2020.2431693989072
30/03/2020,1,1,2020,0.0,264.0,Auvergne-Rhône-Alpes,REG-84,REG-84,0,2020.2431693989072
30/03/2020,1,1,2020,0.0,80.0,Provence-Alpes-Côte d'Azur,REG-93,REG-93,0,2020.2431693989072
30/03/2020,1,1,2020,0.0,19.0,Corse,REG-94,REG-94,0,2020.2431693989072
31/03/2020,1,1,2020,0.0,5.0,Guadeloupe,REG-01,REG-01,0,2020.2459016393443
31/03/2020,1,1,2020,0.0,3.0,Martinique,REG-02,REG-02,0,2020.2459016393443
31/03/2020,1,1,2020,0.0,0.0,Guyane,REG-03,REG-03,0,2020.2459016393443
31/03/2020,1,1,2020,0.0,0.0,La Réunion,REG-04,REG-04,0,2020.2459016393443
31/03/2020,1,1,2020,94.0,1.0,Mayotte,REG-06,REG-06,0,2020.2459016393443
31/03/2020,1,1,2020,0.0,1176.0,Île-de-France,REG-11,REG-11,0,2020.2459016393443
31/03/2020,1,1,2020,0.0,60.0,Centre-Val de Loire,REG-24,REG-24,0,2020.2459016393443
31/03/2020,1,1,2020,0.0,214.0,Bourgogne-Franche-Comté,REG-27,REG-27,0,2020.2459016393443
31/03/2020,1,1,2020,0.0,62.0,Normandie,REG-28,REG-28,0,2020.2459016393443
31/03/2020,1,1,2020,0.0,280.0,Hauts-de-France,REG-32,REG-32,0,2020.2459016393443
31/03/2020,1,1,2020,0.0,1015.0,Grand Est,REG-44,REG-44,0,2020.2459016393443
31/03/2020,1,1,2020,916.0,82.0,Pays de la Loire,REG-52,REG-52,0,2020.2459016393443
31/03/2020,1,1,2020,0.0,50.0,Bretagne,REG-53,REG-53,0,2020.2459016393443
31/03/2020,1,1,2020,0.0,78.0,Nouvelle-Aquitaine,REG-75,REG-75,0,2020.2459016393443
31/03/2020,1,1,2020,2374.0,88.0,Occitanie,REG-76,REG-76,0,2020.2459016393443
31/03/2020,1,1,2020,0.0,295.0,Auvergne-Rhône-Alpes,REG-84,REG-84,0,2020.2459016393443
31/03/2020,1,1,2020,0.0,103.0,Provence-Alpes-Côte d'Azur,REG-93,REG-93,0,2020.2459016393443
31/03/2020,1,1,2020,0.0,20.0,Corse,REG-94,REG-94,0,2020.2459016393443
01/04/2020,1,1,2020,0.0,7.0,Guadeloupe,REG-01,REG-01,0,2020.2486338797814
01/04/2020,1,1,2020,0.0,3.0,Martinique,REG-02,REG-02,0,2020.2486338797814
01/04/2020,1,1,2020,0.0,0.0,Guyane,REG-03,REG-03,0,2020.2486338797814
01/04/2020,1,1,2020,0.0,0.0,La Réunion,REG-04,REG-04,0,2020.2486338797814
01/04/2020,1,1,2020,101.0,2.0,Mayotte,REG-06,REG-06,0,2020.2486338797814
01/04/2020,1,1,2020,0.0,1369.0,Île-de-France,REG-11,REG-11,0,2020.2486338797814
01/04/2020,1,1,2020,0.0,77.0,Centre-Val de Loire,REG-24,REG-24,0,2020.2486338797814
01/04/2020,1,1,2020,0.0,230.0,Bourgogne-Franche-Comté,REG-27,REG-27,0,2020.2486338797814
01/04/2020,1,1,2020,0.0,69.0,Normandie,REG-28,REG-28,0,2020.2486338797814
01/04/2020,1,1,2020,0.0,330.0,Hauts-de-France,REG-32,REG-32,0,2020.2486338797814
01/04/2020,1,1,2020,0.0,1126.0,Grand Est,REG-44,REG-44,0,2020.2486338797814
01/04/2020,1,1,2020,1021.0,100.0,Pays de la Loire,REG-52,REG-52,0,2020.2486338797814
01/04/2020,1,1,2020,0.0,55.0,Bretagne,REG-53,REG-53,0,2020.2486338797814
01/04/2020,1,1,2020,0.0,82.0,Nouvelle-Aquitaine,REG-75,REG-75,0,2020.2486338797814
01/04/2020,1,1,2020,0.0,108.0,Occitanie,REG-76,REG-76,0,2020.2486338797814
01/04/2020,1,1,2020,0.0,349.0,Auvergne-Rhône-Alpes,REG-84,REG-84,0,2020.2486338797814
01/04/2020,1,1,2020,0.0,124.0,Provence-Alpes-Côte d'Azur,REG-93,REG-93,0,2020.2486338797814
01/04/2020,1,1,2020,0.0,21.0,Corse,REG-94,REG-94,0,2020.2486338797814
02/04/2020,1,1,2020,0.0,7.0,Guadeloupe,REG-01,REG-01,0,2020.2513661202186
02/04/2020,1,1,2020,0.0,3.0,Martinique,REG-02,REG-02,0,2020.2513661202186
02/04/2020,1,1,2020,0.0,0.0,Guyane,REG-03,REG-03,0,2020.2513661202186
02/04/2020,1,1,2020,0.0,0.0,La Réunion,REG-04,REG-04,0,2020.2513661202186
02/04/2020,1,1,2020,116.0,2.0,Mayotte,REG-06,REG-06,0,2020.2513661202186
02/04/2020,1,1,2020,0.0,1571.0,Île-de-France,REG-11,REG-11,0,2020.2513661202186
02/04/2020,1,1,2020,0.0,84.0,Centre-Val de Loire,REG-24,REG-24,0,2020.2513661202186
02/04/2020,1,1,2020,0.0,271.0,Bourgogne-Franche-Comté,REG-27,REG-27,0,2020.2513661202186
02/04/2020,1,1,2020,0.0,81.0,Normandie,REG-28,REG-28,0,2020.2513661202186
02/04/2020,1,1,2020,0.0,370.0,Hauts-de-France,REG-32,REG-32,0,2020.2513661202186
02/04/2020,1,1,2020,0.0,1178.0,Grand Est,REG-44,REG-44,0,2020.2513661202186
02/04/2020,1,1,2020,0.0,92.0,Pays de la Loire,REG-52,REG-52,0,2020.2513661202186
02/04/2020,1,1,2020,0.0,63.0,Bretagne,REG-53,REG-53,0,2020.2513661202186
02/04/2020,1,1,2020,0.0,94.0,Nouvelle-Aquitaine,REG-75,REG-75,0,2020.2513661202186
02/04/2020,1,1,2020,0.0,119.0,Occitanie,REG-76,REG-76,0,2020.2513661202186
02/04/2020,1,1,2020,0.0,404.0,Auvergne-Rhône-Alpes,REG-84,REG-84,0,2020.2513661202186
02/04/2020,1,1,2020,0.0,141.0,Provence-Alpes-Côte d'Azur,REG-93,REG-93,0,2020.2513661202186
02/04/2020,1,1,2020,0.0,23.0,Corse,REG-94,REG-94,0,2020.2513661202186
03/04/2020,1,1,2020,0.0,8.0,Guadeloupe,REG-01,REG-01,0,2020.2540983606557
03/04/2020,1,1,2020,0.0,3.0,Martinique,REG-02,REG-02,0,2020.2540983606557
03/04/2020,1,1,2020,0.0,0.0,Guyane,REG-03,REG-03,0,2020.2540983606557
03/04/2020,1,1,2020,0.0,0.0,La Réunion,REG-04,REG-04,0,2020.2540983606557
03/04/2020,1,1,2020,128.0,2.0,Mayotte,REG-06,REG-06,0,2020.2540983606557
03/04/2020,1,1,2020,0.0,1791.0,Île-de-France,REG-11,REG-11,0,2020.2540983606557
03/04/2020,1,1,2020,0.0,98.0,Centre-Val de Loire,REG-24,REG-24,0,2020.2540983606557
03/04/2020,1,1,2020,0.0,303.0,Bourgogne-Franche-Comté,REG-27,REG-27,0,2020.2540983606557
03/04/2020,1,1,2020,0.0,93.0,Normandie,REG-28,REG-28,0,2020.2540983606557
03/04/2020,1,1,2020,0.0,438.0,Hauts-de-France,REG-32,REG-32,0,2020.2540983606557
03/04/2020,1,1,2020,0.0,1311.0,Grand Est,REG-44,REG-44,0,2020.2540983606557
03/04/2020,1,1,2020,0.0,109.0,Pays de la Loire,REG-52,REG-52,0,2020.2540983606557
03/04/2020,1,1,2020,0.0,69.0,Bretagne,REG-53,REG-53,0,2020.2540983606557
03/04/2020,1,1,2020,0.0,100.0,Nouvelle-Aquitaine,REG-75,REG-75,0,2020.2540983606557
03/04/2020,1,1,2020,0.0,131.0,Occitanie,REG-76,REG-76,0,2020.2540983606557
03/04/2020,1,1,2020,0.0,448.0,Auvergne-Rhône-Alpes,REG-84,REG-84,0,2020.2540983606557
03/04/2020,1,1,2020,0.0,161.0,Provence-Alpes-Côte d'Azur,REG-93,REG-93,0,2020.2540983606557
03/04/2020,1,1,2020,0.0,26.0,Corse,REG-94,REG-94,0,2020.2540983606557
04/04/2020,1,1,2020,0.0,8.0,Guadeloupe,REG-01,REG-01,0,2020.2568306010928
04/04/2020,1,1,2020,0.0,3.0,Martinique,REG-02,REG-02,0,2020.2568306010928
04/04/2020,1,1,2020,0.0,0.0,Guyane,REG-03,REG-03,0,2020.2568306010928
04/04/2020,1,1,2020,0.0,0.0,La Réunion,REG-04,REG-04,0,2020.2568306010928
04/04/2020,1,1,2020,0.0,2.0,Mayotte,REG-06,REG-06,0,2020.2568306010928
04/04/2020,1,1,2020,0.0,1967.0,Île-de-France,REG-11,REG-11,0,2020.2568306010928
04/04/2020,1,1,2020,0.0,106.0,Centre-Val de Loire,REG-24,REG-24,0,2020.2568306010928
04/04/2020,1,1,2020,0.0,323.0,Bourgogne-Franche-Comté,REG-27,REG-27,0,2020.2568306010928
04/04/2020,1,1,2020,0.0,99.0,Normandie,REG-28,REG-28,0,2020.2568306010928
04/04/2020,1,1,2020,0.0,488.0,Hauts-de-France,REG-32,REG-32,0,2020.2568306010928
04/04/2020,1,1,2020,0.0,1402.0,Grand Est,REG-44,REG-44,0,2020.2568306010928
04/04/2020,1,1,2020,0.0,118.0,Pays de la Loire,REG-52,REG-52,0,2020.2568306010928
04/04/2020,1,1,2020,0.0,75.0,Bretagne,REG-53,REG-53,0,2020.2568306010928
04/04/2020,1,1,2020,0.0,111.0,Nouvelle-Aquitaine,REG-75,REG-75,0,2020.2568306010928
04/04/2020,1,1,2020,0.0,148.0,Occitanie,REG-76,REG-76,0,2020.2568306010928
04/04/2020,1,1,2020,0.0,478.0,Auvergne-Rhône-Alpes,REG-84,REG-84,0,2020.2568306010928
04/04/2020,1,1,2020,0.0,178.0,Provence-Alpes-Côte d'Azur,REG-93,REG-93,0,2020.2568306010928
04/04/2020,1,1,2020,0.0,26.0,Corse,REG-94,REG-94,0,2020.2568306010928
05/04/2020,1,1,2020,0.0,8.0,Guadeloupe,REG-01,REG-01,0,2020.25956284153
05/04/2020,1,1,2020,0.0,3.0,Martinique,REG-02,REG-02,0,2020.25956284153
05/04/2020,1,1,2020,0.0,0.0,Guyane,REG-03,REG-03,0,2020.25956284153
05/04/2020,1,1,2020,0.0,0.0,La Réunion,REG-04,REG-04,0,2020.25956284153
05/04/2020,1,1,2020,0.0,2.0,Mayotte,REG-06,REG-06,0,2020.25956284153
05/04/2020,1,1,2020,0.0,2107.0,Île-de-France,REG-11,REG-11,0,2020.25956284153
05/04/2020,1,1,2020,0.0,115.0,Centre-Val de Loire,REG-24,REG-24,0,2020.25956284153
05/04/2020,1,1,2020,0.0,341.0,Bourgogne-Franche-Comté,REG-27,REG-27,0,2020.25956284153
05/04/2020,1,1,2020,0.0,111.0,Normandie,REG-28,REG-28,0,2020.25956284153
05/04/2020,1,1,2020,0.0,520.0,Hauts-de-France,REG-32,REG-32,0,2020.25956284153
05/04/2020,1,1,2020,0.0,1471.0,Grand Est,REG-44,REG-44,0,2020.25956284153
05/04/2020,1,1,2020,0.0,123.0,Pays de la Loire,REG-52,REG-52,0,2020.25956284153
05/04/2020,1,1,2020,0.0,81.0,Bretagne,REG-53,REG-53,0,2020.25956284153
05/04/2020,1,1,2020,0.0,120.0,Nouvelle-Aquitaine,REG-75,REG-75,0,2020.25956284153
05/04/2020,1,1,2020,0.0,158.0,Occitanie,REG-76,REG-76,0,2020.25956284153
05/04/2020,1,1,2020,0.0,508.0,Auvergne-Rhône-Alpes,REG-84,REG-84,0,2020.25956284153
05/04/2020,1,1,2020,0.0,195.0,Provence-Alpes-Côte d'Azur,REG-93,REG-93,0,2020.25956284153
05/04/2020,1,1,2020,0.0,26.0,Corse,REG-94,REG-94,0,2020.25956284153
06/04/2020,1,1,2020,0.0,8.0,Guadeloupe,REG-01,REG-01,0,2020.2622950819673
06/04/2020,1,1,2020,0.0,4.0,Martinique,REG-02,REG-02,0,2020.2622950819673
06/04/2020,1,1,2020,0.0,0.0,Guyane,REG-03,REG-03,0,2020.2622950819673
06/04/2020,1,1,2020,0.0,0.0,La Réunion,REG-04,REG-04,0,2020.2622950819673
06/04/2020,1,1,2020,0.0,2.0,Mayotte,REG-06,REG-06,0,2020.2622950819673
06/04/2020,1,1,2020,0.0,2355.0,Île-de-France,REG-11,REG-11,0,2020.2622950819673
06/04/2020,1,1,2020,0.0,132.0,Centre-Val de Loire,REG-24,REG-24,0,2020.2622950819673
06/04/2020,1,1,2020,0.0,367.0,Bourgogne-Franche-Comté,REG-27,REG-27,0,2020.2622950819673
06/04/2020,1,1,2020,0.0,127.0,Normandie,REG-28,REG-28,0,2020.2622950819673
06/04/2020,1,1,2020,0.0,577.0,Hauts-de-France,REG-32,REG-32,0,2020.2622950819673
06/04/2020,1,1,2020,0.0,1574.0,Grand Est,REG-44,REG-44,0,2020.2622950819673
06/04/2020,1,1,2020,1412.0,164.0,Pays de la Loire,REG-52,REG-52,0,2020.2622950819673
06/04/2020,1,1,2020,0.0,88.0,Bretagne,REG-53,REG-53,0,2020.2622950819673
06/04/2020,1,1,2020,0.0,138.0,Nouvelle-Aquitaine,REG-75,REG-75,0,2020.2622950819673
06/04/2020,1,1,2020,0.0,172.0,Occitanie,REG-76,REG-76,0,2020.2622950819673
06/04/2020,1,1,2020,0.0,555.0,Auvergne-Rhône-Alpes,REG-84,REG-84,0,2020.2622950819673
06/04/2020,1,1,2020,0.0,231.0,Provence-Alpes-Côte d'Azur,REG-93,REG-93,0,2020.2622950819673
06/04/2020,1,1,2020,0.0,30.0,Corse,REG-94,REG-94,0,2020.2622950819673
07/04/2020,1,1,2020,0.0,8.0,Guadeloupe,REG-01,REG-01,0,2020.2650273224044
07/04/2020,1,1,2020,0.0,4.0,Martinique,REG-02,REG-02,0,2020.2650273224044
07/04/2020,1,1,2020,0.0,0.0,Guyane,REG-03,REG-03,0,2020.2650273224044
07/04/2020,1,1,2020,0.0,0.0,La Réunion,REG-04,REG-04,0,2020.2650273224044
07/04/2020,1,1,2020,0.0,2.0,Mayotte,REG-06,REG-06,0,2020.2650273224044
07/04/2020,1,1,2020,0.0,2627.0,Île-de-France,REG-11,REG-11,0,2020.2650273224044
07/04/2020,1,1,2020,0.0,140.0,Centre-Val de Loire,REG-24,REG-24,0,2020.2650273224044
07/04/2020,1,1,2020,0.0,396.0,Bourgogne-Franche-Comté,REG-27,REG-27,0,2020.2650273224044
07/04/2020,1,1,2020,0.0,147.0,Normandie,REG-28,REG-28,0,2020.2650273224044
07/04/2020,1,1,2020,0.0,635.0,Hauts-de-France,REG-32,REG-32,0,2020.2650273224044
07/04/2020,1,1,2020,0.0,1674.0,Grand Est,REG-44,REG-44,0,2020.2650273224044
07/04/2020,1,1,2020,1494.0,182.0,Pays de la Loire,REG-52,REG-52,0,2020.2650273224044
07/04/2020,1,1,2020,0.0,97.0,Bretagne,REG-53,REG-53,0,2020.2650273224044
07/04/2020,1,1,2020,0.0,152.0,Nouvelle-Aquitaine,REG-75,REG-75,0,2020.2650273224044
07/04/2020,1,1,2020,0.0,180.0,Occitanie,REG-76,REG-76,0,2020.2650273224044
07/04/2020,1,1,2020,0.0,600.0,Auvergne-Rhône-Alpes,REG-84,REG-84,0,2020.2650273224044
07/04/2020,1,1,2020,0.0,253.0,Provence-Alpes-Côte d'Azur,REG-93,REG-93,0,2020.2650273224044
07/04/2020,1,1,2020,0.0,32.0,Corse,REG-94,REG-94,0,2020.2650273224044
08/04/2020,1,1,2020,0.0,10.0,Guadeloupe,REG-01,REG-01,0,2020.2677595628415
08/04/2020,1,1,2020,0.0,4.0,Martinique,REG-02,REG-02,0,2020.2677595628415
08/04/2020,1,1,2020,0.0,0.0,Guyane,REG-03,REG-03,0,2020.2677595628415
08/04/2020,1,1,2020,0.0,0.0,La Réunion,REG-04,REG-04,0,2020.2677595628415
08/04/2020,1,1,2020,0.0,2.0,Mayotte,REG-06,REG-06,0,2020.2677595628415
08/04/2020,1,1,2020,0.0,2850.0,Île-de-France,REG-11,REG-11,0,2020.2677595628415
08/04/2020,1,1,2020,0.0,154.0,Centre-Val de Loire,REG-24,REG-24,0,2020.2677595628415
08/04/2020,1,1,2020,0.0,412.0,Bourgogne-Franche-Comté,REG-27,REG-27,0,2020.2677595628415
08/04/2020,1,1,2020,0.0,165.0,Normandie,REG-28,REG-28,0,2020.2677595628415
08/04/2020,1,1,2020,0.0,679.0,Hauts-de-France,REG-32,REG-32,0,2020.2677595628415
08/04/2020,1,1,2020,0.0,1781.0,Grand Est,REG-44,REG-44,0,2020.2677595628415
08/04/2020,1,1,2020,1630.0,194.0,Pays de la Loire,REG-52,REG-52,0,2020.2677595628415
08/04/2020,1,1,2020,0.0,107.0,Bretagne,REG-53,REG-53,0,2020.2677595628415
08/04/2020,1,1,2020,0.0,165.0,Nouvelle-Aquitaine,REG-75,REG-75,0,2020.2677595628415
08/04/2020,1,1,2020,0.0,195.0,Occitanie,REG-76,REG-76,0,2020.2677595628415
08/04/2020,1,1,2020,0.0,654.0,Auvergne-Rhône-Alpes,REG-84,REG-84,0,2020.2677595628415
08/04/2020,1,1,2020,0.0,269.0,Provence-Alpes-Côte d'Azur,REG-93,REG-93,0,2020.2677595628415
08/04/2020,1,1,2020,0.0,32.0,Corse,REG-94,REG-94,0,2020.2677595628415
09/04/2020,1,1,2020,0.0,10.0,Guadeloupe,REG-01,REG-01,0,2020.2704918032787
09/04/2020,1,1,2020,0.0,5.0,Martinique,REG-02,REG-02,0,2020.2704918032787
09/04/2020,1,1,2020,0.0,0.0,Guyane,REG-03,REG-03,0,2020.2704918032787
09/04/2020,1,1,2020,0.0,0.0,La Réunion,REG-04,REG-04,0,2020.2704918032787
09/04/2020,1,1,2020,0.0,2.0,Mayotte,REG-06,REG-06,0,2020.2704918032787
09/04/2020,1,1,2020,0.0,3040.0,Île-de-France,REG-11,REG-11,0,2020.2704918032787
09/04/2020,1,1,2020,0.0,164.0,Centre-Val de Loire,REG-24,REG-24,0,2020.2704918032787
09/04/2020,1,1,2020,0.0,427.0,Bourgogne-Franche-Comté,REG-27,REG-27,0,2020.2704918032787
09/04/2020,1,1,2020,0.0,179.0,Normandie,REG-28,REG-28,0,2020.2704918032787
09/04/2020,1,1,2020,0.0,715.0,Hauts-de-France,REG-32,REG-32,0,2020.2704918032787
09/04/2020,1,1,2020,0.0,1854.0,Grand Est,REG-44,REG-44,0,2020.2704918032787
09/04/2020,1,1,2020,0.0,158.0,Pays de la Loire,REG-52,REG-52,0,2020.2704918032787
09/04/2020,1,1,2020,0.0,109.0,Bretagne,REG-53,REG-53,0,2020.2704918032787
09/04/2020,1,1,2020,0.0,173.0,Nouvelle-Aquitaine,REG-75,REG-75,0,2020.2704918032787
09/04/2020,1,1,2020,0.0,203.0,Occitanie,REG-76,REG-76,0,2020.2704918032787
09/04/2020,1,1,2020,0.0,685.0,Auvergne-Rhône-Alpes,REG-84,REG-84,0,2020.2704918032787
09/04/2020,1,1,2020,0.0,286.0,Provence-Alpes-Côte d'Azur,REG-93,REG-93,0,2020.2704918032787
09/04/2020,1,1,2020,0.0,34.0,Corse,REG-94,REG-94,0,2020.2704918032787
10/04/2020,1,1,2020,0.0,10.0,Guadeloupe,REG-01,REG-01,0,2020.2732240437158
10/04/2020,1,1,2020,0.0,5.0,Martinique,REG-02,REG-02,0,2020.2732240437158
10/04/2020,1,1,2020,0.0,0.0,Guyane,REG-03,REG-03,0,2020.2732240437158
10/04/2020,1,1,2020,0.0,0.0,La Réunion,REG-04,REG-04,0,2020.2732240437158
10/04/2020,1,1,2020,0.0,2.0,Mayotte,REG-06,REG-06,0,2020.2732240437158
10/04/2020,1,1,2020,0.0,3300.0,Île-de-France,REG-11,REG-11,0,2020.2732240437158
10/04/2020,1,1,2020,0.0,179.0,Centre-Val de Loire,REG-24,REG-24,0,2020.2732240437158
10/04/2020,1,1,2020,0.0,459.0,Bourgogne-Franche-Comté,REG-27,REG-27,0,2020.2732240437158
10/04/2020,1,1,2020,0.0,188.0,Normandie,REG-28,REG-28,0,2020.2732240437158
10/04/2020,1,1,2020,0.0,762.0,Hauts-de-France,REG-32,REG-32,0,2020.2732240437158
10/04/2020,1,1,2020,0.0,1952.0,Grand Est,REG-44,REG-44,0,2020.2732240437158
10/04/2020,1,1,2020,0.0,169.0,Pays de la Loire,REG-52,REG-52,0,2020.2732240437158
10/04/2020,1,1,2020,0.0,121.0,Bretagne,REG-53,REG-53,0,2020.2732240437158
10/04/2020,1,1,2020,0.0,174.0,Nouvelle-Aquitaine,REG-75,REG-75,0,2020.2732240437158
10/04/2020,1,1,2020,0.0,222.0,Occitanie,REG-76,REG-76,0,2020.2732240437158
10/04/2020,1,1,2020,0.0,721.0,Auvergne-Rhône-Alpes,REG-84,REG-84,0,2020.2732240437158
10/04/2020,1,1,2020,0.0,299.0,Provence-Alpes-Côte d'Azur,REG-93,REG-93,0,2020.2732240437158
10/04/2020,1,1,2020,0.0,35.0,Corse,REG-94,REG-94,0,2020.2732240437158
11/04/2020,1,1,2020,0.0,10.0,Guadeloupe,REG-01,REG-01,0,2020.275956284153
11/04/2020,1,1,2020,0.0,5.0,Martinique,REG-02,REG-02,0,2020.275956284153
11/04/2020,1,1,2020,0.0,0.0,Guyane,REG-03,REG-03,0,2020.275956284153
11/04/2020,1,1,2020,0.0,0.0,La Réunion,REG-04,REG-04,0,2020.275956284153
11/04/2020,1,1,2020,0.0,3.0,Mayotte,REG-06,REG-06,0,2020.275956284153
11/04/2020,1,1,2020,0.0,3416.0,Île-de-France,REG-11,REG-11,0,2020.275956284153
11/04/2020,1,1,2020,0.0,193.0,Centre-Val de Loire,REG-24,REG-24,0,2020.275956284153
11/04/2020,1,1,2020,0.0,478.0,Bourgogne-Franche-Comté,REG-27,REG-27,0,2020.275956284153
11/04/2020,1,1,2020,0.0,196.0,Normandie,REG-28,REG-28,0,2020.275956284153
11/04/2020,1,1,2020,0.0,806.0,Hauts-de-France,REG-32,REG-32,0,2020.275956284153
11/04/2020,1,1,2020,0.0,2008.0,Grand Est,REG-44,REG-44,0,2020.275956284153
11/04/2020,1,1,2020,0.0,178.0,Pays de la Loire,REG-52,REG-52,0,2020.275956284153
11/04/2020,1,1,2020,0.0,129.0,Bretagne,REG-53,REG-53,0,2020.275956284153
11/04/2020,1,1,2020,0.0,180.0,Nouvelle-Aquitaine,REG-75,REG-75,0,2020.275956284153
11/04/2020,1,1,2020,0.0,233.0,Occitanie,REG-76,REG-76,0,2020.275956284153
11/04/2020,1,1,2020,0.0,755.0,Auvergne-Rhône-Alpes,REG-84,REG-84,0,2020.275956284153
11/04/2020,1,1,2020,0.0,317.0,Provence-Alpes-Côte d'Azur,REG-93,REG-93,0,2020.275956284153
11/04/2020,1,1,2020,0.0,36.0,Corse,REG-94,REG-94,0,2020.275956284153
12/04/2020,1,1,2020,0.0,10.0,Guadeloupe,REG-01,REG-01,0,2020.27868852459
12/04/2020,1,1,2020,0.0,6.0,Martinique,REG-02,REG-02,0,2020.27868852459
12/04/2020,1,1,2020,0.0,0.0,Guyane,REG-03,REG-03,0,2020.27868852459
12/04/2020,1,1,2020,0.0,0.0,La Réunion,REG-04,REG-04,0,2020.27868852459
12/04/2020,1,1,2020,0.0,3.0,Mayotte,REG-06,REG-06,0,2020.27868852459
12/04/2020,1,1,2020,0.0,3548.0,Île-de-France,REG-11,REG-11,0,2020.27868852459
12/04/2020,1,1,2020,0.0,201.0,Centre-Val de Loire,REG-24,REG-24,0,2020.27868852459
12/04/2020,1,1,2020,0.0,500.0,Bourgogne-Franche-Comté,REG-27,REG-27,0,2020.27868852459
12/04/2020,1,1,2020,0.0,201.0,Normandie,REG-28,REG-28,0,2020.27868852459
12/04/2020,1,1,2020,0.0,840.0,Hauts-de-France,REG-32,REG-32,0,2020.27868852459
12/04/2020,1,1,2020,0.0,2064.0,Grand Est,REG-44,REG-44,0,2020.27868852459
12/04/2020,1,1,2020,0.0,182.0,Pays de la Loire,REG-52,REG-52,0,2020.27868852459
12/04/2020,1,1,2020,0.0,132.0,Bretagne,REG-53,REG-53,0,2020.27868852459
12/04/2020,1,1,2020,0.0,190.0,Nouvelle-Aquitaine,REG-75,REG-75,0,2020.27868852459
12/04/2020,1,1,2020,0.0,239.0,Occitanie,REG-76,REG-76,0,2020.27868852459
12/04/2020,1,1,2020,0.0,773.0,Auvergne-Rhône-Alpes,REG-84,REG-84,0,2020.27868852459
12/04/2020,1,1,2020,0.0,328.0,Provence-Alpes-Côte d'Azur,REG-93,REG-93,0,2020.27868852459
12/04/2020,1,1,2020,0.0,36.0,Corse,REG-94,REG-94,0,2020.27868852459
