dateRep,day,month,year,cases,deaths,countriesAndTerritories,geoId,countryterritoryCode,popData2018
07/02/2020,1,1,2020,5.0,0.0,Auvergne-Rhône-Alpes,REG-84,REG-84,8005882
08/02/2020,1,1,2020,0.0,0.0,Auvergne-Rhône-Alpes,REG-84,REG-84,8005882
10/02/2020,1,1,2020,0.0,0.0,Auvergne-Rhône-Alpes,REG-84,REG-84,8005882
11/02/2020,1,1,2020,0.0,0.0,Auvergne-Rhône-Alpes,REG-84,REG-84,8005882
12/02/2020,1,1,2020,0.0,0.0,Auvergne-Rhône-Alpes,REG-84,REG-84,8005882
20/02/2020,1,1,2020,1.0,0.0,Auvergne-Rhône-Alpes,REG-84,REG-84,8005882
25/02/2020,1,1,2020,0.0,0.0,Bourgogne-Franche-Comté,REG-27,REG-27,2793333
26/02/2020,1,1,2020,2.0,1.0,Hauts-de-France,REG-32,REG-32,5977437
26/02/2020,1,1,2020,1.0,0.0,Grand Est,REG-44,REG-44,5525291
27/02/2020,1,1,2020,0.0,0.0,Auvergne-Rhône-Alpes,REG-84,REG-84,8005882
28/02/2020,1,1,2020,5.0,0.0,Bourgogne-Franche-Comté,REG-27,REG-27,2793333
01/03/2020,1,1,2020,5.0,0.0,Bourgogne-Franche-Comté,REG-27,REG-27,2793333
02/03/2020,1,1,2020,2.0,0.0,Normandie,REG-28,REG-28,3313340
02/03/2020,1,1,2020,6.0,0.0,Grand Est,REG-44,REG-44,5525291
02/03/2020,1,1,2020,26.0,0.0,Auvergne-Rhône-Alpes,REG-84,REG-84,8005882
03/03/2020,1,1,2020,5.0,0.0,Bourgogne-Franche-Comté,REG-27,REG-27,2793333
03/03/2020,1,1,2020,4.0,0.0,Auvergne-Rhône-Alpes,REG-84,REG-84,8005882
04/03/2020,1,1,2020,18.0,0.0,Provence-Alpes-Côte d'Azur,REG-93,REG-93,5048405
04/03/2020,1,1,2020,19.0,0.0,Grand Est,REG-44,REG-44,5525291
04/03/2020,1,1,2020,15.0,0.0,Auvergne-Rhône-Alpes,REG-84,REG-84,8005882
04/03/2020,1,1,2020,5.0,0.0,Guyane,REG-03,REG-03,283539
04/03/2020,1,1,2020,4.0,0.0,Bourgogne-Franche-Comté,REG-27,REG-27,2793333
05/03/2020,1,1,2020,25.0,0.0,Bourgogne-Franche-Comté,REG-27,REG-27,2793333
05/03/2020,1,1,2020,3.0,3.0,Hauts-de-France,REG-32,REG-32,5977437
05/03/2020,1,1,2020,12.0,0.0,Auvergne-Rhône-Alpes,REG-84,REG-84,8005882
05/03/2020,1,1,2020,8.0,0.0,Provence-Alpes-Côte d'Azur,REG-93,REG-93,5048405
05/03/2020,1,1,2020,3.0,0.0,Corse,REG-94,REG-94,341554
06/03/2020,1,1,2020,24.0,0.0,Auvergne-Rhône-Alpes,REG-84,REG-84,8005882
06/03/2020,1,1,2020,2.0,0.0,Corse,REG-94,REG-94,341554
06/03/2020,1,1,2020,5.0,0.0,Provence-Alpes-Côte d'Azur,REG-93,REG-93,5048405
06/03/2020,1,1,2020,55.0,0.0,Grand Est,REG-44,REG-44,5525291
06/03/2020,1,1,2020,36.0,0.0,Bourgogne-Franche-Comté,REG-27,REG-27,2793333
06/03/2020,1,1,2020,131.0,1.0,Île-de-France,REG-11,REG-11,12244807
07/03/2020,1,1,2020,30.0,0.0,Île-de-France,REG-11,REG-11,12244807
07/03/2020,1,1,2020,26.0,0.0,Bourgogne-Franche-Comté,REG-27,REG-27,2793333
07/03/2020,1,1,2020,8.0,1.0,Normandie,REG-28,REG-28,3313340
07/03/2020,1,1,2020,38.0,0.0,Auvergne-Rhône-Alpes,REG-84,REG-84,8005882
07/03/2020,1,1,2020,6.0,0.0,Provence-Alpes-Côte d'Azur,REG-93,REG-93,5048405
07/03/2020,1,1,2020,14.0,0.0,Corse,REG-94,REG-94,341554
08/03/2020,1,1,2020,21.0,1.0,Auvergne-Rhône-Alpes,REG-84,REG-84,8005882
08/03/2020,1,1,2020,15.0,0.0,Provence-Alpes-Côte d'Azur,REG-93,REG-93,5048405
08/03/2020,1,1,2020,181.0,3.0,Grand Est,REG-44,REG-44,5525291
08/03/2020,1,1,2020,6.0,0.0,Bourgogne-Franche-Comté,REG-27,REG-27,2793333
08/03/2020,1,1,2020,65.0,0.0,Île-de-France,REG-11,REG-11,12244807
08/03/2020,1,1,2020,12.0,0.0,Normandie,REG-28,REG-28,3313340
09/03/2020,1,1,2020,57.0,0.0,Île-de-France,REG-11,REG-11,12244807
09/03/2020,1,1,2020,7.0,0.0,Bourgogne-Franche-Comté,REG-27,REG-27,2793333
09/03/2020,1,1,2020,3.0,0.0,Normandie,REG-28,REG-28,3313340
09/03/2020,1,1,2020,176.0,11.0,Hauts-de-France,REG-32,REG-32,5977437
09/03/2020,1,1,2020,48.0,1.0,Grand Est,REG-44,REG-44,5525291
09/03/2020,1,1,2020,36.0,2.0,Auvergne-Rhône-Alpes,REG-84,REG-84,8005882
09/03/2020,1,1,2020,20.0,0.0,Provence-Alpes-Côte d'Azur,REG-93,REG-93,5048405
09/03/2020,1,1,2020,19.0,1.0,Corse,REG-94,REG-94,341554
10/03/2020,1,1,2020,4.0,1.0,Corse,REG-94,REG-94,341554
10/03/2020,1,1,2020,18.0,0.0,Provence-Alpes-Côte d'Azur,REG-93,REG-93,5048405
10/03/2020,1,1,2020,45.0,0.0,Auvergne-Rhône-Alpes,REG-84,REG-84,8005882
10/03/2020,1,1,2020,154.0,1.0,Grand Est,REG-44,REG-44,5525291
10/03/2020,1,1,2020,0.0,3.0,Île-de-France,REG-11,REG-11,12244807
10/03/2020,1,1,2020,14.0,0.0,Normandie,REG-28,REG-28,3313340
10/03/2020,1,1,2020,28.0,1.0,Bourgogne-Franche-Comté,REG-27,REG-27,2793333
10/03/2020,1,1,2020,41.0,1.0,Hauts-de-France,REG-32,REG-32,5977437
11/03/2020,1,1,2020,9.0,1.0,Corse,REG-94,REG-94,341554
11/03/2020,1,1,2020,35.0,0.0,Auvergne-Rhône-Alpes,REG-84,REG-84,8005882
11/03/2020,1,1,2020,22.0,0.0,Provence-Alpes-Côte d'Azur,REG-93,REG-93,5048405
11/03/2020,1,1,2020,93.0,1.0,Bretagne,REG-53,REG-53,3333720
11/03/2020,1,1,2020,1.0,0.0,Guyane,REG-03,REG-03,283539
11/03/2020,1,1,2020,18.0,0.0,Normandie,REG-28,REG-28,3313340
11/03/2020,1,1,2020,18.0,2.0,Bourgogne-Franche-Comté,REG-27,REG-27,2793333
11/03/2020,1,1,2020,229.0,0.0,Île-de-France,REG-11,REG-11,12244807
11/03/2020,1,1,2020,123.0,4.0,Grand Est,REG-44,REG-44,5525291
12/03/2020,1,1,2020,39.0,0.0,Provence-Alpes-Côte d'Azur,REG-93,REG-93,5048405
12/03/2020,1,1,2020,93.0,0.0,Île-de-France,REG-11,REG-11,12244807
12/03/2020,1,1,2020,54.0,2.0,Bourgogne-Franche-Comté,REG-27,REG-27,2793333
12/03/2020,1,1,2020,11.0,0.0,Normandie,REG-28,REG-28,3313340
12/03/2020,1,1,2020,115.0,4.0,Hauts-de-France,REG-32,REG-32,5977437
12/03/2020,1,1,2020,27.0,2.0,Bretagne,REG-53,REG-53,3333720
12/03/2020,1,1,2020,71.0,4.0,Auvergne-Rhône-Alpes,REG-84,REG-84,8005882
12/03/2020,1,1,2020,13.0,0.0,Corse,REG-94,REG-94,341554
13/03/2020,1,1,2020,60.0,0.0,Provence-Alpes-Côte d'Azur,REG-93,REG-93,5048405
13/03/2020,1,1,2020,21.0,2.0,Corse,REG-94,REG-94,341554
13/03/2020,1,1,2020,323.0,12.0,Grand Est,REG-44,REG-44,5525291
13/03/2020,1,1,2020,37.0,0.0,Bretagne,REG-53,REG-53,3333720
13/03/2020,1,1,2020,31.0,6.0,Hauts-de-France,REG-32,REG-32,5977437
13/03/2020,1,1,2020,29.0,0.0,Normandie,REG-28,REG-28,3313340
13/03/2020,1,1,2020,53.0,0.0,Bourgogne-Franche-Comté,REG-27,REG-27,2793333
14/03/2020,1,1,2020,1.0,0.0,Guyane,REG-03,REG-03,283539
14/03/2020,1,1,2020,68.0,1.0,Bourgogne-Franche-Comté,REG-27,REG-27,2793333
14/03/2020,1,1,2020,30.0,0.0,Normandie,REG-28,REG-28,3313340
14/03/2020,1,1,2020,95.0,3.0,Hauts-de-France,REG-32,REG-32,5977437
14/03/2020,1,1,2020,175.0,3.0,Grand Est,REG-44,REG-44,5525291
14/03/2020,1,1,2020,21.0,0.0,Bretagne,REG-53,REG-53,3333720
14/03/2020,1,1,2020,116.0,5.0,Auvergne-Rhône-Alpes,REG-84,REG-84,8005882
14/03/2020,1,1,2020,21.0,0.0,Corse,REG-94,REG-94,341554
15/03/2020,1,1,2020,9.0,0.0,Corse,REG-94,REG-94,341554
15/03/2020,1,1,2020,74.0,6.0,Auvergne-Rhône-Alpes,REG-84,REG-84,8005882
15/03/2020,1,1,2020,254.0,1.0,Occitanie,REG-76,REG-76,5899209
15/03/2020,1,1,2020,17.0,0.0,Bretagne,REG-53,REG-53,3333720
15/03/2020,1,1,2020,152.0,2.0,Nouvelle-Aquitaine,REG-75,REG-75,5986318
15/03/2020,1,1,2020,16.0,0.0,Normandie,REG-28,REG-28,3313340
15/03/2020,1,1,2020,72.0,0.0,Bourgogne-Franche-Comté,REG-27,REG-27,2793333
15/03/2020,1,1,2020,293.0,21.0,Grand Est,REG-44,REG-44,5525291
15/03/2020,1,1,2020,4.0,0.0,Guyane,REG-03,REG-03,283539
16/03/2020,1,1,2020,11.0,2.0,Corse,REG-94,REG-94,341554
16/03/2020,1,1,2020,27.0,0.0,Nouvelle-Aquitaine,REG-75,REG-75,5986318
16/03/2020,1,1,2020,94.0,2.0,Auvergne-Rhône-Alpes,REG-84,REG-84,8005882
16/03/2020,1,1,2020,30.0,2.0,Occitanie,REG-76,REG-76,5899209
16/03/2020,1,1,2020,109.0,0.0,Pays de la Loire,REG-52,REG-52,3787400
16/03/2020,1,1,2020,165.0,6.0,Grand Est,REG-44,REG-44,5525291
16/03/2020,1,1,2020,124.0,10.0,Hauts-de-France,REG-32,REG-32,5977437
16/03/2020,1,1,2020,95.0,0.0,Bourgogne-Franche-Comté,REG-27,REG-27,2793333
16/03/2020,1,1,2020,18.0,0.0,Bretagne,REG-53,REG-53,3333720
17/03/2020,1,1,2020,28.0,0.0,Nouvelle-Aquitaine,REG-75,REG-75,5986318
17/03/2020,1,1,2020,89.0,4.0,Auvergne-Rhône-Alpes,REG-84,REG-84,8005882
17/03/2020,1,1,2020,29.0,2.0,Occitanie,REG-76,REG-76,5899209
17/03/2020,1,1,2020,23.0,0.0,Bretagne,REG-53,REG-53,3333720
17/03/2020,1,1,2020,270.0,4.0,Provence-Alpes-Côte d'Azur,REG-93,REG-93,5048405
17/03/2020,1,1,2020,277.0,10.0,Grand Est,REG-44,REG-44,5525291
17/03/2020,1,1,2020,26.0,7.0,Hauts-de-France,REG-32,REG-32,5977437
17/03/2020,1,1,2020,0.0,4.0,Bourgogne-Franche-Comté,REG-27,REG-27,2793333
17/03/2020,1,1,2020,103.0,1.0,Centre-Val de Loire,REG-24,REG-24,2565258
17/03/2020,1,1,2020,0.0,1.0,Pays de la Loire,REG-52,REG-52,3787400
18/03/2020,1,1,2020,0.0,0.0,Corse,REG-94,REG-94,341554
18/03/2020,1,1,2020,85.0,3.0,Provence-Alpes-Côte d'Azur,REG-93,REG-93,5048405
18/03/2020,1,1,2020,152.0,3.0,Auvergne-Rhône-Alpes,REG-84,REG-84,8005882
18/03/2020,1,1,2020,0.0,59.0,Grand Est,REG-44,REG-44,5525291
18/03/2020,1,1,2020,76.0,5.0,Occitanie,REG-76,REG-76,5899209
18/03/2020,1,1,2020,35.0,0.0,Nouvelle-Aquitaine,REG-75,REG-75,5986318
18/03/2020,1,1,2020,16.0,4.0,Bretagne,REG-53,REG-53,3333720
18/03/2020,1,1,2020,0.0,0.0,Pays de la Loire,REG-52,REG-52,3787400
18/03/2020,1,1,2020,55.0,9.0,Hauts-de-France,REG-32,REG-32,5977437
18/03/2020,1,1,2020,4.0,0.0,Guyane,REG-03,REG-03,283539
18/03/2020,1,1,2020,0.0,10.0,Bourgogne-Franche-Comté,REG-27,REG-27,2793333
18/03/2020,1,1,2020,25.0,0.0,Centre-Val de Loire,REG-24,REG-24,2565258
18/03/2020,1,1,2020,0.0,32.0,Île-de-France,REG-11,REG-11,12244807
18/03/2020,1,1,2020,0.0,0.0,Mayotte,REG-06,REG-06,269471
18/03/2020,1,1,2020,0.0,0.0,La Réunion,REG-04,REG-04,857961
18/03/2020,1,1,2020,0.0,1.0,Martinique,REG-02,REG-02,363484
18/03/2020,1,1,2020,0.0,0.0,Guadeloupe,REG-01,REG-01,381294
18/03/2020,1,1,2020,65.0,2.0,Normandie,REG-28,REG-28,3313340
19/03/2020,1,1,2020,0.0,2.0,Pays de la Loire,REG-52,REG-52,3787400
19/03/2020,1,1,2020,16.0,3.0,Bretagne,REG-53,REG-53,3333720
19/03/2020,1,1,2020,63.0,1.0,Nouvelle-Aquitaine,REG-75,REG-75,5986318
19/03/2020,1,1,2020,124.0,2.0,Provence-Alpes-Côte d'Azur,REG-93,REG-93,5048405
19/03/2020,1,1,2020,156.0,12.0,Auvergne-Rhône-Alpes,REG-84,REG-84,8005882
19/03/2020,1,1,2020,0.0,0.0,Grand Est,REG-44,REG-44,5525291
19/03/2020,1,1,2020,0.0,0.0,Corse,REG-94,REG-94,341554
19/03/2020,1,1,2020,83.0,7.0,Occitanie,REG-76,REG-76,5899209
19/03/2020,1,1,2020,51.0,14.0,Hauts-de-France,REG-32,REG-32,5977437
19/03/2020,1,1,2020,29.0,0.0,Centre-Val de Loire,REG-24,REG-24,2565258
19/03/2020,1,1,2020,0.0,3.0,Bourgogne-Franche-Comté,REG-27,REG-27,2793333
19/03/2020,1,1,2020,0.0,20.0,Île-de-France,REG-11,REG-11,12244807
19/03/2020,1,1,2020,0.0,0.0,Mayotte,REG-06,REG-06,269471
19/03/2020,1,1,2020,0.0,0.0,La Réunion,REG-04,REG-04,857961
19/03/2020,1,1,2020,0.0,0.0,Guyane,REG-03,REG-03,283539
19/03/2020,1,1,2020,0.0,0.0,Martinique,REG-02,REG-02,363484
19/03/2020,1,1,2020,0.0,0.0,Guadeloupe,REG-01,REG-01,381294
19/03/2020,1,1,2020,33.0,2.0,Normandie,REG-28,REG-28,3313340
20/03/2020,1,1,2020,38.0,2.0,Bretagne,REG-53,REG-53,3333720
20/03/2020,1,1,2020,52.0,0.0,Pays de la Loire,REG-52,REG-52,3787400
20/03/2020,1,1,2020,101.0,0.0,Nouvelle-Aquitaine,REG-75,REG-75,5986318
20/03/2020,1,1,2020,0.0,0.0,Grand Est,REG-44,REG-44,5525291
20/03/2020,1,1,2020,65.0,2.0,Provence-Alpes-Côte d'Azur,REG-93,REG-93,5048405
20/03/2020,1,1,2020,0.0,0.0,Corse,REG-94,REG-94,341554
20/03/2020,1,1,2020,48.0,6.0,Occitanie,REG-76,REG-76,5899209
20/03/2020,1,1,2020,21.0,12.0,Hauts-de-France,REG-32,REG-32,5977437
20/03/2020,1,1,2020,0.0,0.0,Auvergne-Rhône-Alpes,REG-84,REG-84,8005882
20/03/2020,1,1,2020,0.0,5.0,Bourgogne-Franche-Comté,REG-27,REG-27,2793333
20/03/2020,1,1,2020,51.0,1.0,Guadeloupe,REG-01,REG-01,381294
20/03/2020,1,1,2020,0.0,0.0,Martinique,REG-02,REG-02,363484
20/03/2020,1,1,2020,3.0,0.0,Guyane,REG-03,REG-03,283539
20/03/2020,1,1,2020,46.0,2.0,Normandie,REG-28,REG-28,3313340
20/03/2020,1,1,2020,0.0,0.0,Mayotte,REG-06,REG-06,269471
20/03/2020,1,1,2020,0.0,0.0,La Réunion,REG-04,REG-04,857961
20/03/2020,1,1,2020,0.0,43.0,Île-de-France,REG-11,REG-11,12244807
20/03/2020,1,1,2020,62.0,0.0,Centre-Val de Loire,REG-24,REG-24,2565258
21/03/2020,1,1,2020,0.0,0.0,Corse,REG-94,REG-94,341554
21/03/2020,1,1,2020,286.0,2.0,Provence-Alpes-Côte d'Azur,REG-93,REG-93,5048405
21/03/2020,1,1,2020,252.0,18.0,Auvergne-Rhône-Alpes,REG-84,REG-84,8005882
21/03/2020,1,1,2020,91.0,4.0,Occitanie,REG-76,REG-76,5899209
21/03/2020,1,1,2020,95.0,4.0,Nouvelle-Aquitaine,REG-75,REG-75,5986318
21/03/2020,1,1,2020,53.0,3.0,Bretagne,REG-53,REG-53,3333720
21/03/2020,1,1,2020,0.0,0.0,Pays de la Loire,REG-52,REG-52,3787400
21/03/2020,1,1,2020,116.0,10.0,Hauts-de-France,REG-32,REG-32,5977437
21/03/2020,1,1,2020,0.0,110.0,Grand Est,REG-44,REG-44,5525291
21/03/2020,1,1,2020,0.0,8.0,Bourgogne-Franche-Comté,REG-27,REG-27,2793333
21/03/2020,1,1,2020,58.0,0.0,Normandie,REG-28,REG-28,3313340
21/03/2020,1,1,2020,37.0,0.0,Martinique,REG-02,REG-02,363484
21/03/2020,1,1,2020,1.0,0.0,Guyane,REG-03,REG-03,283539
21/03/2020,1,1,2020,0.0,0.0,La Réunion,REG-04,REG-04,857961
21/03/2020,1,1,2020,5.0,0.0,Guadeloupe,REG-01,REG-01,381294
21/03/2020,1,1,2020,0.0,23.0,Île-de-France,REG-11,REG-11,12244807
21/03/2020,1,1,2020,35.0,1.0,Centre-Val de Loire,REG-24,REG-24,2565258
21/03/2020,1,1,2020,0.0,0.0,Mayotte,REG-06,REG-06,269471
22/03/2020,1,1,2020,0.0,22.0,Grand Est,REG-44,REG-44,5525291
22/03/2020,1,1,2020,275.0,2.0,Provence-Alpes-Côte d'Azur,REG-93,REG-93,5048405
22/03/2020,1,1,2020,165.0,15.0,Auvergne-Rhône-Alpes,REG-84,REG-84,8005882
22/03/2020,1,1,2020,60.0,3.0,Occitanie,REG-76,REG-76,5899209
22/03/2020,1,1,2020,92.0,1.0,Nouvelle-Aquitaine,REG-75,REG-75,5986318
22/03/2020,1,1,2020,87.0,2.0,Bretagne,REG-53,REG-53,3333720
22/03/2020,1,1,2020,0.0,1.0,Pays de la Loire,REG-52,REG-52,3787400
22/03/2020,1,1,2020,87.0,6.0,Hauts-de-France,REG-32,REG-32,5977437
22/03/2020,1,1,2020,0.0,0.0,Corse,REG-94,REG-94,341554
22/03/2020,1,1,2020,0.0,15.0,Bourgogne-Franche-Comté,REG-27,REG-27,2793333
22/03/2020,1,1,2020,2.0,0.0,Guadeloupe,REG-01,REG-01,381294
22/03/2020,1,1,2020,7.0,0.0,Martinique,REG-02,REG-02,363484
22/03/2020,1,1,2020,1.0,0.0,Guyane,REG-03,REG-03,283539
22/03/2020,1,1,2020,117.0,2.0,Normandie,REG-28,REG-28,3313340
22/03/2020,1,1,2020,0.0,0.0,Mayotte,REG-06,REG-06,269471
22/03/2020,1,1,2020,0.0,18.0,Île-de-France,REG-11,REG-11,12244807
22/03/2020,1,1,2020,37.0,0.0,Centre-Val de Loire,REG-24,REG-24,2565258
22/03/2020,1,1,2020,0.0,0.0,La Réunion,REG-04,REG-04,857961
23/03/2020,1,1,2020,0.0,83.0,Grand Est,REG-44,REG-44,5525291
23/03/2020,1,1,2020,194.0,5.0,Provence-Alpes-Côte d'Azur,REG-93,REG-93,5048405
23/03/2020,1,1,2020,307.0,13.0,Auvergne-Rhône-Alpes,REG-84,REG-84,8005882
23/03/2020,1,1,2020,110.0,2.0,Occitanie,REG-76,REG-76,5899209
23/03/2020,1,1,2020,63.0,5.0,Nouvelle-Aquitaine,REG-75,REG-75,5986318
23/03/2020,1,1,2020,44.0,5.0,Bretagne,REG-53,REG-53,3333720
23/03/2020,1,1,2020,132.0,6.0,Pays de la Loire,REG-52,REG-52,3787400
23/03/2020,1,1,2020,344.0,11.0,Hauts-de-France,REG-32,REG-32,5977437
23/03/2020,1,1,2020,77.0,4.0,Corse,REG-94,REG-94,341554
23/03/2020,1,1,2020,0.0,11.0,Bourgogne-Franche-Comté,REG-27,REG-27,2793333
23/03/2020,1,1,2020,49.0,1.0,Normandie,REG-28,REG-28,3313340
23/03/2020,1,1,2020,4.0,0.0,Guadeloupe,REG-01,REG-01,381294
23/03/2020,1,1,2020,9.0,0.0,Martinique,REG-02,REG-02,363484
23/03/2020,1,1,2020,3.0,0.0,Guyane,REG-03,REG-03,283539
23/03/2020,1,1,2020,0.0,0.0,Mayotte,REG-06,REG-06,269471
23/03/2020,1,1,2020,0.0,53.0,Île-de-France,REG-11,REG-11,12244807
23/03/2020,1,1,2020,0.0,0.0,La Réunion,REG-04,REG-04,857961
23/03/2020,1,1,2020,70.0,6.0,Centre-Val de Loire,REG-24,REG-24,2565258
24/03/2020,1,1,2020,50.0,4.0,Pays de la Loire,REG-52,REG-52,3787400
24/03/2020,1,1,2020,15.0,1.0,Corse,REG-94,REG-94,341554
24/03/2020,1,1,2020,0.0,6.0,Provence-Alpes-Côte d'Azur,REG-93,REG-93,5048405
24/03/2020,1,1,2020,119.0,1.0,Auvergne-Rhône-Alpes,REG-84,REG-84,8005882
24/03/2020,1,1,2020,119.0,8.0,Occitanie,REG-76,REG-76,5899209
24/03/2020,1,1,2020,97.0,1.0,Nouvelle-Aquitaine,REG-75,REG-75,5986318
24/03/2020,1,1,2020,36.0,3.0,Bretagne,REG-53,REG-53,3333720
24/03/2020,1,1,2020,0.0,72.0,Grand Est,REG-44,REG-44,5525291
24/03/2020,1,1,2020,245.0,15.0,Hauts-de-France,REG-32,REG-32,5977437
24/03/2020,1,1,2020,75.0,6.0,Normandie,REG-28,REG-28,3313340
24/03/2020,1,1,2020,89.0,0.0,Centre-Val de Loire,REG-24,REG-24,2565258
24/03/2020,1,1,2020,0.0,69.0,Île-de-France,REG-11,REG-11,12244807
24/03/2020,1,1,2020,0.0,0.0,Mayotte,REG-06,REG-06,269471
24/03/2020,1,1,2020,0.0,0.0,La Réunion,REG-04,REG-04,857961
24/03/2020,1,1,2020,4.0,0.0,Guyane,REG-03,REG-03,283539
24/03/2020,1,1,2020,4.0,0.0,Martinique,REG-02,REG-02,363484
24/03/2020,1,1,2020,11.0,0.0,Guadeloupe,REG-01,REG-01,381294
24/03/2020,1,1,2020,0.0,24.0,Bourgogne-Franche-Comté,REG-27,REG-27,2793333
25/03/2020,1,1,2020,0.0,99.0,Grand Est,REG-44,REG-44,5525291
25/03/2020,1,1,2020,36.0,3.0,Pays de la Loire,REG-52,REG-52,3787400
25/03/2020,1,1,2020,77.0,3.0,Bretagne,REG-53,REG-53,3333720
25/03/2020,1,1,2020,0.0,7.0,Provence-Alpes-Côte d'Azur,REG-93,REG-93,5048405
25/03/2020,1,1,2020,182.0,5.0,Occitanie,REG-76,REG-76,5899209
25/03/2020,1,1,2020,236.0,18.0,Auvergne-Rhône-Alpes,REG-84,REG-84,8005882
25/03/2020,1,1,2020,221.0,14.0,Hauts-de-France,REG-32,REG-32,5977437
25/03/2020,1,1,2020,122.0,11.0,Nouvelle-Aquitaine,REG-75,REG-75,5986318
25/03/2020,1,1,2020,15.0,3.0,Corse,REG-94,REG-94,341554
25/03/2020,1,1,2020,102.0,3.0,Normandie,REG-28,REG-28,3313340
25/03/2020,1,1,2020,111.0,5.0,Centre-Val de Loire,REG-24,REG-24,2565258
25/03/2020,1,1,2020,0.0,95.0,Île-de-France,REG-11,REG-11,12244807
25/03/2020,1,1,2020,0.0,0.0,Mayotte,REG-06,REG-06,269471
25/03/2020,1,1,2020,0.0,0.0,La Réunion,REG-04,REG-04,857961
25/03/2020,1,1,2020,3.0,0.0,Guyane,REG-03,REG-03,283539
25/03/2020,1,1,2020,9.0,0.0,Martinique,REG-02,REG-02,363484
25/03/2020,1,1,2020,3.0,0.0,Guadeloupe,REG-01,REG-01,381294
25/03/2020,1,1,2020,0.0,16.0,Bourgogne-Franche-Comté,REG-27,REG-27,2793333
26/03/2020,1,1,2020,80.0,14.0,Pays de la Loire,REG-52,REG-52,3787400
26/03/2020,1,1,2020,104.0,1.0,Bretagne,REG-53,REG-53,3333720
26/03/2020,1,1,2020,132.0,9.0,Nouvelle-Aquitaine,REG-75,REG-75,5986318
26/03/2020,1,1,2020,17.0,6.0,Corse,REG-94,REG-94,341554
26/03/2020,1,1,2020,0.0,29.0,Auvergne-Rhône-Alpes,REG-84,REG-84,8005882
26/03/2020,1,1,2020,0.0,11.0,Provence-Alpes-Côte d'Azur,REG-93,REG-93,5048405
26/03/2020,1,1,2020,0.0,74.0,Grand Est,REG-44,REG-44,5525291
26/03/2020,1,1,2020,203.0,9.0,Occitanie,REG-76,REG-76,5899209
26/03/2020,1,1,2020,157.0,10.0,Hauts-de-France,REG-32,REG-32,5977437
26/03/2020,1,1,2020,101.0,1.0,Normandie,REG-28,REG-28,3313340
26/03/2020,1,1,2020,0.0,21.0,Bourgogne-Franche-Comté,REG-27,REG-27,2793333
26/03/2020,1,1,2020,84.0,7.0,Centre-Val de Loire,REG-24,REG-24,2565258
26/03/2020,1,1,2020,0.0,103.0,Île-de-France,REG-11,REG-11,12244807
26/03/2020,1,1,2020,0.0,0.0,Mayotte,REG-06,REG-06,269471
26/03/2020,1,1,2020,0.0,0.0,La Réunion,REG-04,REG-04,857961
26/03/2020,1,1,2020,0.0,0.0,Guyane,REG-03,REG-03,283539
26/03/2020,1,1,2020,14.0,0.0,Martinique,REG-02,REG-02,363484
26/03/2020,1,1,2020,0.0,0.0,Guadeloupe,REG-01,REG-01,381294
27/03/2020,1,1,2020,0.0,4.0,Provence-Alpes-Côte d'Azur,REG-93,REG-93,5048405
27/03/2020,1,1,2020,0.0,33.0,Auvergne-Rhône-Alpes,REG-84,REG-84,8005882
27/03/2020,1,1,2020,268.0,7.0,Occitanie,REG-76,REG-76,5899209
27/03/2020,1,1,2020,0.0,8.0,Nouvelle-Aquitaine,REG-75,REG-75,5986318
27/03/2020,1,1,2020,90.0,3.0,Bretagne,REG-53,REG-53,3333720
27/03/2020,1,1,2020,71.0,11.0,Pays de la Loire,REG-52,REG-52,3787400
27/03/2020,1,1,2020,0.0,77.0,Grand Est,REG-44,REG-44,5525291
27/03/2020,1,1,2020,390.0,10.0,Hauts-de-France,REG-32,REG-32,5977437
27/03/2020,1,1,2020,13.0,0.0,Corse,REG-94,REG-94,341554
27/03/2020,1,1,2020,0.0,16.0,Bourgogne-Franche-Comté,REG-27,REG-27,2793333
27/03/2020,1,1,2020,0.0,0.0,Guadeloupe,REG-01,REG-01,381294
27/03/2020,1,1,2020,13.0,0.0,Martinique,REG-02,REG-02,363484
27/03/2020,1,1,2020,0.0,0.0,Guyane,REG-03,REG-03,283539
27/03/2020,1,1,2020,123.0,5.0,Normandie,REG-28,REG-28,3313340
27/03/2020,1,1,2020,0.0,0.0,Mayotte,REG-06,REG-06,269471
27/03/2020,1,1,2020,0.0,118.0,Île-de-France,REG-11,REG-11,12244807
27/03/2020,1,1,2020,185.0,6.0,Centre-Val de Loire,REG-24,REG-24,2565258
27/03/2020,1,1,2020,0.0,0.0,La Réunion,REG-04,REG-04,857961
28/03/2020,1,1,2020,0.0,96.0,Grand Est,REG-44,REG-44,5525291
28/03/2020,1,1,2020,0.0,7.0,Provence-Alpes-Côte d'Azur,REG-93,REG-93,5048405
28/03/2020,1,1,2020,0.0,30.0,Auvergne-Rhône-Alpes,REG-84,REG-84,8005882
28/03/2020,1,1,2020,270.0,6.0,Occitanie,REG-76,REG-76,5899209
28/03/2020,1,1,2020,0.0,8.0,Nouvelle-Aquitaine,REG-75,REG-75,5986318
28/03/2020,1,1,2020,92.0,5.0,Bretagne,REG-53,REG-53,3333720
28/03/2020,1,1,2020,107.0,0.0,Pays de la Loire,REG-52,REG-52,3787400
28/03/2020,1,1,2020,198.0,26.0,Hauts-de-France,REG-32,REG-32,5977437
28/03/2020,1,1,2020,0.0,0.0,Corse,REG-94,REG-94,341554
28/03/2020,1,1,2020,0.0,9.0,Bourgogne-Franche-Comté,REG-27,REG-27,2793333
28/03/2020,1,1,2020,0.0,0.0,Guadeloupe,REG-01,REG-01,381294
28/03/2020,1,1,2020,0.0,0.0,Martinique,REG-02,REG-02,363484
28/03/2020,1,1,2020,0.0,0.0,Guyane,REG-03,REG-03,283539
28/03/2020,1,1,2020,0.0,1.0,Normandie,REG-28,REG-28,3313340
28/03/2020,1,1,2020,0.0,0.0,Mayotte,REG-06,REG-06,269471
28/03/2020,1,1,2020,0.0,110.0,Île-de-France,REG-11,REG-11,12244807
28/03/2020,1,1,2020,200.0,9.0,Centre-Val de Loire,REG-24,REG-24,2565258
28/03/2020,1,1,2020,0.0,0.0,La Réunion,REG-04,REG-04,857961
29/03/2020,1,1,2020,155.0,5.0,Hauts-de-France,REG-32,REG-32,5977437
29/03/2020,1,1,2020,0.0,10.0,Provence-Alpes-Côte d'Azur,REG-93,REG-93,5048405
29/03/2020,1,1,2020,0.0,31.0,Auvergne-Rhône-Alpes,REG-84,REG-84,8005882
29/03/2020,1,1,2020,179.0,5.0,Occitanie,REG-76,REG-76,5899209
29/03/2020,1,1,2020,0.0,8.0,Nouvelle-Aquitaine,REG-75,REG-75,5986318
29/03/2020,1,1,2020,73.0,2.0,Bretagne,REG-53,REG-53,3333720
29/03/2020,1,1,2020,143.0,5.0,Pays de la Loire,REG-52,REG-52,3787400
29/03/2020,1,1,2020,0.0,62.0,Grand Est,REG-44,REG-44,5525291
29/03/2020,1,1,2020,0.0,0.0,Corse,REG-94,REG-94,341554
29/03/2020,1,1,2020,0.0,6.0,Normandie,REG-28,REG-28,3313340
29/03/2020,1,1,2020,127.0,4.0,Centre-Val de Loire,REG-24,REG-24,2565258
29/03/2020,1,1,2020,0.0,119.0,Île-de-France,REG-11,REG-11,12244807
29/03/2020,1,1,2020,0.0,0.0,Mayotte,REG-06,REG-06,269471
29/03/2020,1,1,2020,0.0,0.0,La Réunion,REG-04,REG-04,857961
29/03/2020,1,1,2020,0.0,0.0,Guyane,REG-03,REG-03,283539
29/03/2020,1,1,2020,18.0,1.0,Martinique,REG-02,REG-02,363484
29/03/2020,1,1,2020,30.0,3.0,Guadeloupe,REG-01,REG-01,381294
29/03/2020,1,1,2020,0.0,16.0,Bourgogne-Franche-Comté,REG-27,REG-27,2793333
30/03/2020,1,1,2020,0.0,104.0,Grand Est,REG-44,REG-44,5525291
30/03/2020,1,1,2020,0.0,0.0,Corse,REG-94,REG-94,341554
30/03/2020,1,1,2020,0.0,15.0,Provence-Alpes-Côte d'Azur,REG-93,REG-93,5048405
30/03/2020,1,1,2020,0.0,37.0,Auvergne-Rhône-Alpes,REG-84,REG-84,8005882
30/03/2020,1,1,2020,124.0,9.0,Occitanie,REG-76,REG-76,5899209
30/03/2020,1,1,2020,0.0,14.0,Nouvelle-Aquitaine,REG-75,REG-75,5986318
30/03/2020,1,1,2020,0.0,6.0,Bretagne,REG-53,REG-53,3333720
30/03/2020,1,1,2020,358.0,20.0,Hauts-de-France,REG-32,REG-32,5977437
30/03/2020,1,1,2020,72.0,11.0,Pays de la Loire,REG-52,REG-52,3787400
30/03/2020,1,1,2020,0.0,23.0,Bourgogne-Franche-Comté,REG-27,REG-27,2793333
30/03/2020,1,1,2020,0.0,1.0,Martinique,REG-02,REG-02,363484
30/03/2020,1,1,2020,0.0,0.0,Guyane,REG-03,REG-03,283539
30/03/2020,1,1,2020,0.0,0.0,La Réunion,REG-04,REG-04,857961
30/03/2020,1,1,2020,0.0,0.0,Guadeloupe,REG-01,REG-01,381294
30/03/2020,1,1,2020,0.0,147.0,Île-de-France,REG-11,REG-11,12244807
30/03/2020,1,1,2020,0.0,10.0,Normandie,REG-28,REG-28,3313340
30/03/2020,1,1,2020,0.0,14.0,Centre-Val de Loire,REG-24,REG-24,2565258
30/03/2020,1,1,2020,0.0,0.0,Mayotte,REG-06,REG-06,269471
31/03/2020,1,1,2020,0.0,96.0,Grand Est,REG-44,REG-44,5525291
31/03/2020,1,1,2020,0.0,0.0,Corse,REG-94,REG-94,341554
31/03/2020,1,1,2020,0.0,23.0,Provence-Alpes-Côte d'Azur,REG-93,REG-93,5048405
31/03/2020,1,1,2020,0.0,31.0,Auvergne-Rhône-Alpes,REG-84,REG-84,8005882
31/03/2020,1,1,2020,248.0,7.0,Occitanie,REG-76,REG-76,5899209
31/03/2020,1,1,2020,0.0,6.0,Nouvelle-Aquitaine,REG-75,REG-75,5986318
31/03/2020,1,1,2020,0.0,5.0,Bretagne,REG-53,REG-53,3333720
31/03/2020,1,1,2020,64.0,24.0,Pays de la Loire,REG-52,REG-52,3787400
31/03/2020,1,1,2020,0.0,72.0,Hauts-de-France,REG-32,REG-32,5977437
31/03/2020,1,1,2020,0.0,20.0,Normandie,REG-28,REG-28,3313340
31/03/2020,1,1,2020,0.0,27.0,Bourgogne-Franche-Comté,REG-27,REG-27,2793333
31/03/2020,1,1,2020,0.0,7.0,Centre-Val de Loire,REG-24,REG-24,2565258
31/03/2020,1,1,2020,0.0,222.0,Île-de-France,REG-11,REG-11,12244807
31/03/2020,1,1,2020,94.0,1.0,Mayotte,REG-06,REG-06,269471
31/03/2020,1,1,2020,0.0,0.0,La Réunion,REG-04,REG-04,857961
31/03/2020,1,1,2020,0.0,0.0,Guyane,REG-03,REG-03,283539
31/03/2020,1,1,2020,0.0,0.0,Martinique,REG-02,REG-02,363484
31/03/2020,1,1,2020,0.0,1.0,Guadeloupe,REG-01,REG-01,381294
01/04/2020,1,1,2020,0.0,21.0,Provence-Alpes-Côte d'Azur,REG-93,REG-93,5048405
01/04/2020,1,1,2020,0.0,54.0,Auvergne-Rhône-Alpes,REG-84,REG-84,8005882
01/04/2020,1,1,2020,0.0,20.0,Occitanie,REG-76,REG-76,5899209
01/04/2020,1,1,2020,0.0,4.0,Nouvelle-Aquitaine,REG-75,REG-75,5986318
01/04/2020,1,1,2020,0.0,5.0,Bretagne,REG-53,REG-53,3333720
01/04/2020,1,1,2020,105.0,18.0,Pays de la Loire,REG-52,REG-52,3787400
01/04/2020,1,1,2020,0.0,111.0,Grand Est,REG-44,REG-44,5525291
01/04/2020,1,1,2020,0.0,50.0,Hauts-de-France,REG-32,REG-32,5977437
01/04/2020,1,1,2020,0.0,0.0,Corse,REG-94,REG-94,341554
01/04/2020,1,1,2020,0.0,16.0,Bourgogne-Franche-Comté,REG-27,REG-27,2793333
01/04/2020,1,1,2020,0.0,2.0,Guadeloupe,REG-01,REG-01,381294
01/04/2020,1,1,2020,0.0,0.0,Martinique,REG-02,REG-02,363484
01/04/2020,1,1,2020,0.0,0.0,Guyane,REG-03,REG-03,283539
01/04/2020,1,1,2020,0.0,7.0,Normandie,REG-28,REG-28,3313340
01/04/2020,1,1,2020,7.0,1.0,Mayotte,REG-06,REG-06,269471
01/04/2020,1,1,2020,0.0,193.0,Île-de-France,REG-11,REG-11,12244807
01/04/2020,1,1,2020,0.0,17.0,Centre-Val de Loire,REG-24,REG-24,2565258
01/04/2020,1,1,2020,0.0,0.0,La Réunion,REG-04,REG-04,857961
02/04/2020,1,1,2020,0.0,52.0,Grand Est,REG-44,REG-44,5525291
02/04/2020,1,1,2020,0.0,17.0,Provence-Alpes-Côte d'Azur,REG-93,REG-93,5048405
02/04/2020,1,1,2020,0.0,55.0,Auvergne-Rhône-Alpes,REG-84,REG-84,8005882
02/04/2020,1,1,2020,0.0,11.0,Occitanie,REG-76,REG-76,5899209
02/04/2020,1,1,2020,0.0,12.0,Nouvelle-Aquitaine,REG-75,REG-75,5986318
02/04/2020,1,1,2020,0.0,8.0,Bretagne,REG-53,REG-53,3333720
02/04/2020,1,1,2020,0.0,0.0,Pays de la Loire,REG-52,REG-52,3787400
02/04/2020,1,1,2020,0.0,40.0,Hauts-de-France,REG-32,REG-32,5977437
02/04/2020,1,1,2020,0.0,2.0,Corse,REG-94,REG-94,341554
02/04/2020,1,1,2020,0.0,41.0,Bourgogne-Franche-Comté,REG-27,REG-27,2793333
02/04/2020,1,1,2020,0.0,0.0,Guadeloupe,REG-01,REG-01,381294
02/04/2020,1,1,2020,0.0,0.0,Martinique,REG-02,REG-02,363484
02/04/2020,1,1,2020,0.0,0.0,Guyane,REG-03,REG-03,283539
02/04/2020,1,1,2020,0.0,12.0,Normandie,REG-28,REG-28,3313340
02/04/2020,1,1,2020,15.0,0.0,Mayotte,REG-06,REG-06,269471
02/04/2020,1,1,2020,0.0,202.0,Île-de-France,REG-11,REG-11,12244807
02/04/2020,1,1,2020,0.0,7.0,Centre-Val de Loire,REG-24,REG-24,2565258
02/04/2020,1,1,2020,0.0,0.0,La Réunion,REG-04,REG-04,857961
03/04/2020,1,1,2020,0.0,68.0,Hauts-de-France,REG-32,REG-32,5977437
03/04/2020,1,1,2020,0.0,20.0,Provence-Alpes-Côte d'Azur,REG-93,REG-93,5048405
03/04/2020,1,1,2020,0.0,44.0,Auvergne-Rhône-Alpes,REG-84,REG-84,8005882
03/04/2020,1,1,2020,0.0,12.0,Occitanie,REG-76,REG-76,5899209
03/04/2020,1,1,2020,0.0,6.0,Nouvelle-Aquitaine,REG-75,REG-75,5986318
03/04/2020,1,1,2020,0.0,6.0,Bretagne,REG-53,REG-53,3333720
03/04/2020,1,1,2020,0.0,9.0,Pays de la Loire,REG-52,REG-52,3787400
03/04/2020,1,1,2020,0.0,133.0,Grand Est,REG-44,REG-44,5525291
03/04/2020,1,1,2020,0.0,3.0,Corse,REG-94,REG-94,341554
03/04/2020,1,1,2020,0.0,12.0,Normandie,REG-28,REG-28,3313340
03/04/2020,1,1,2020,0.0,14.0,Centre-Val de Loire,REG-24,REG-24,2565258
03/04/2020,1,1,2020,0.0,220.0,Île-de-France,REG-11,REG-11,12244807
03/04/2020,1,1,2020,12.0,0.0,Mayotte,REG-06,REG-06,269471
03/04/2020,1,1,2020,0.0,0.0,La Réunion,REG-04,REG-04,857961
03/04/2020,1,1,2020,0.0,0.0,Guyane,REG-03,REG-03,283539
03/04/2020,1,1,2020,0.0,0.0,Martinique,REG-02,REG-02,363484
03/04/2020,1,1,2020,0.0,1.0,Guadeloupe,REG-01,REG-01,381294
03/04/2020,1,1,2020,0.0,32.0,Bourgogne-Franche-Comté,REG-27,REG-27,2793333
04/04/2020,1,1,2020,0.0,9.0,Pays de la Loire,REG-52,REG-52,3787400
04/04/2020,1,1,2020,0.0,6.0,Bretagne,REG-53,REG-53,3333720
04/04/2020,1,1,2020,0.0,11.0,Nouvelle-Aquitaine,REG-75,REG-75,5986318
04/04/2020,1,1,2020,0.0,0.0,Corse,REG-94,REG-94,341554
04/04/2020,1,1,2020,0.0,30.0,Auvergne-Rhône-Alpes,REG-84,REG-84,8005882
04/04/2020,1,1,2020,0.0,17.0,Provence-Alpes-Côte d'Azur,REG-93,REG-93,5048405
04/04/2020,1,1,2020,0.0,91.0,Grand Est,REG-44,REG-44,5525291
04/04/2020,1,1,2020,0.0,17.0,Occitanie,REG-76,REG-76,5899209
04/04/2020,1,1,2020,0.0,50.0,Hauts-de-France,REG-32,REG-32,5977437
04/04/2020,1,1,2020,0.0,6.0,Normandie,REG-28,REG-28,3313340
04/04/2020,1,1,2020,0.0,20.0,Bourgogne-Franche-Comté,REG-27,REG-27,2793333
04/04/2020,1,1,2020,0.0,8.0,Centre-Val de Loire,REG-24,REG-24,2565258
04/04/2020,1,1,2020,0.0,176.0,Île-de-France,REG-11,REG-11,12244807
04/04/2020,1,1,2020,0.0,0.0,Mayotte,REG-06,REG-06,269471
04/04/2020,1,1,2020,0.0,0.0,La Réunion,REG-04,REG-04,857961
04/04/2020,1,1,2020,0.0,0.0,Guyane,REG-03,REG-03,283539
04/04/2020,1,1,2020,0.0,0.0,Martinique,REG-02,REG-02,363484
04/04/2020,1,1,2020,0.0,0.0,Guadeloupe,REG-01,REG-01,381294
05/04/2020,1,1,2020,0.0,0.0,Corse,REG-94,REG-94,341554
05/04/2020,1,1,2020,0.0,17.0,Provence-Alpes-Côte d'Azur,REG-93,REG-93,5048405
05/04/2020,1,1,2020,0.0,30.0,Auvergne-Rhône-Alpes,REG-84,REG-84,8005882
05/04/2020,1,1,2020,0.0,10.0,Occitanie,REG-76,REG-76,5899209
05/04/2020,1,1,2020,0.0,9.0,Nouvelle-Aquitaine,REG-75,REG-75,5986318
05/04/2020,1,1,2020,0.0,6.0,Bretagne,REG-53,REG-53,3333720
05/04/2020,1,1,2020,0.0,5.0,Pays de la Loire,REG-52,REG-52,3787400
05/04/2020,1,1,2020,0.0,69.0,Grand Est,REG-44,REG-44,5525291
05/04/2020,1,1,2020,0.0,32.0,Hauts-de-France,REG-32,REG-32,5977437
05/04/2020,1,1,2020,0.0,0.0,Guadeloupe,REG-01,REG-01,381294
05/04/2020,1,1,2020,0.0,18.0,Bourgogne-Franche-Comté,REG-27,REG-27,2793333
05/04/2020,1,1,2020,0.0,9.0,Centre-Val de Loire,REG-24,REG-24,2565258
05/04/2020,1,1,2020,0.0,140.0,Île-de-France,REG-11,REG-11,12244807
05/04/2020,1,1,2020,0.0,0.0,Mayotte,REG-06,REG-06,269471
05/04/2020,1,1,2020,0.0,0.0,La Réunion,REG-04,REG-04,857961
05/04/2020,1,1,2020,0.0,0.0,Guyane,REG-03,REG-03,283539
05/04/2020,1,1,2020,0.0,0.0,Martinique,REG-02,REG-02,363484
05/04/2020,1,1,2020,0.0,12.0,Normandie,REG-28,REG-28,3313340
06/04/2020,1,1,2020,391.0,41.0,Pays de la Loire,REG-52,REG-52,3787400
06/04/2020,1,1,2020,0.0,7.0,Bretagne,REG-53,REG-53,3333720
06/04/2020,1,1,2020,0.0,18.0,Nouvelle-Aquitaine,REG-75,REG-75,5986318
06/04/2020,1,1,2020,0.0,103.0,Grand Est,REG-44,REG-44,5525291
06/04/2020,1,1,2020,0.0,47.0,Auvergne-Rhône-Alpes,REG-84,REG-84,8005882
06/04/2020,1,1,2020,0.0,36.0,Provence-Alpes-Côte d'Azur,REG-93,REG-93,5048405
06/04/2020,1,1,2020,0.0,4.0,Corse,REG-94,REG-94,341554
06/04/2020,1,1,2020,0.0,14.0,Occitanie,REG-76,REG-76,5899209
06/04/2020,1,1,2020,0.0,57.0,Hauts-de-France,REG-32,REG-32,5977437
06/04/2020,1,1,2020,0.0,0.0,Guadeloupe,REG-01,REG-01,381294
06/04/2020,1,1,2020,0.0,26.0,Bourgogne-Franche-Comté,REG-27,REG-27,2793333
06/04/2020,1,1,2020,0.0,17.0,Centre-Val de Loire,REG-24,REG-24,2565258
06/04/2020,1,1,2020,0.0,248.0,Île-de-France,REG-11,REG-11,12244807
06/04/2020,1,1,2020,0.0,0.0,Mayotte,REG-06,REG-06,269471
06/04/2020,1,1,2020,0.0,0.0,La Réunion,REG-04,REG-04,857961
06/04/2020,1,1,2020,0.0,0.0,Guyane,REG-03,REG-03,283539
06/04/2020,1,1,2020,0.0,1.0,Martinique,REG-02,REG-02,363484
06/04/2020,1,1,2020,0.0,16.0,Normandie,REG-28,REG-28,3313340
07/04/2020,1,1,2020,82.0,18.0,Pays de la Loire,REG-52,REG-52,3787400
07/04/2020,1,1,2020,0.0,9.0,Bretagne,REG-53,REG-53,3333720
07/04/2020,1,1,2020,0.0,14.0,Nouvelle-Aquitaine,REG-75,REG-75,5986318
07/04/2020,1,1,2020,0.0,2.0,Corse,REG-94,REG-94,341554
07/04/2020,1,1,2020,0.0,45.0,Auvergne-Rhône-Alpes,REG-84,REG-84,8005882
07/04/2020,1,1,2020,0.0,22.0,Provence-Alpes-Côte d'Azur,REG-93,REG-93,5048405
07/04/2020,1,1,2020,0.0,100.0,Grand Est,REG-44,REG-44,5525291
07/04/2020,1,1,2020,0.0,8.0,Occitanie,REG-76,REG-76,5899209
07/04/2020,1,1,2020,0.0,58.0,Hauts-de-France,REG-32,REG-32,5977437
07/04/2020,1,1,2020,0.0,0.0,Guadeloupe,REG-01,REG-01,381294
07/04/2020,1,1,2020,0.0,29.0,Bourgogne-Franche-Comté,REG-27,REG-27,2793333
07/04/2020,1,1,2020,0.0,8.0,Centre-Val de Loire,REG-24,REG-24,2565258
07/04/2020,1,1,2020,0.0,272.0,Île-de-France,REG-11,REG-11,12244807
07/04/2020,1,1,2020,0.0,0.0,Mayotte,REG-06,REG-06,269471
07/04/2020,1,1,2020,0.0,0.0,La Réunion,REG-04,REG-04,857961
07/04/2020,1,1,2020,0.0,0.0,Guyane,REG-03,REG-03,283539
07/04/2020,1,1,2020,0.0,0.0,Martinique,REG-02,REG-02,363484
07/04/2020,1,1,2020,0.0,20.0,Normandie,REG-28,REG-28,3313340
08/04/2020,1,1,2020,0.0,0.0,Corse,REG-94,REG-94,341554
08/04/2020,1,1,2020,0.0,16.0,Provence-Alpes-Côte d'Azur,REG-93,REG-93,5048405
08/04/2020,1,1,2020,0.0,54.0,Auvergne-Rhône-Alpes,REG-84,REG-84,8005882
08/04/2020,1,1,2020,0.0,15.0,Occitanie,REG-76,REG-76,5899209
08/04/2020,1,1,2020,0.0,13.0,Nouvelle-Aquitaine,REG-75,REG-75,5986318
08/04/2020,1,1,2020,0.0,10.0,Bretagne,REG-53,REG-53,3333720
08/04/2020,1,1,2020,136.0,12.0,Pays de la Loire,REG-52,REG-52,3787400
08/04/2020,1,1,2020,0.0,107.0,Grand Est,REG-44,REG-44,5525291
08/04/2020,1,1,2020,0.0,44.0,Hauts-de-France,REG-32,REG-32,5977437
08/04/2020,1,1,2020,0.0,16.0,Bourgogne-Franche-Comté,REG-27,REG-27,2793333
08/04/2020,1,1,2020,0.0,14.0,Centre-Val de Loire,REG-24,REG-24,2565258
08/04/2020,1,1,2020,0.0,223.0,Île-de-France,REG-11,REG-11,12244807
08/04/2020,1,1,2020,0.0,0.0,Mayotte,REG-06,REG-06,269471
08/04/2020,1,1,2020,0.0,0.0,La Réunion,REG-04,REG-04,857961
08/04/2020,1,1,2020,0.0,0.0,Guyane,REG-03,REG-03,283539
08/04/2020,1,1,2020,0.0,0.0,Martinique,REG-02,REG-02,363484
08/04/2020,1,1,2020,0.0,2.0,Guadeloupe,REG-01,REG-01,381294
08/04/2020,1,1,2020,0.0,18.0,Normandie,REG-28,REG-28,3313340
09/04/2020,1,1,2020,0.0,0.0,Pays de la Loire,REG-52,REG-52,3787400
09/04/2020,1,1,2020,0.0,2.0,Bretagne,REG-53,REG-53,3333720
09/04/2020,1,1,2020,0.0,2.0,Corse,REG-94,REG-94,341554
09/04/2020,1,1,2020,0.0,73.0,Grand Est,REG-44,REG-44,5525291
09/04/2020,1,1,2020,0.0,8.0,Occitanie,REG-76,REG-76,5899209
09/04/2020,1,1,2020,0.0,31.0,Auvergne-Rhône-Alpes,REG-84,REG-84,8005882
09/04/2020,1,1,2020,0.0,17.0,Provence-Alpes-Côte d'Azur,REG-93,REG-93,5048405
09/04/2020,1,1,2020,0.0,8.0,Nouvelle-Aquitaine,REG-75,REG-75,5986318
09/04/2020,1,1,2020,0.0,36.0,Hauts-de-France,REG-32,REG-32,5977437
09/04/2020,1,1,2020,0.0,0.0,Mayotte,REG-06,REG-06,269471
09/04/2020,1,1,2020,0.0,15.0,Bourgogne-Franche-Comté,REG-27,REG-27,2793333
09/04/2020,1,1,2020,0.0,10.0,Centre-Val de Loire,REG-24,REG-24,2565258
09/04/2020,1,1,2020,0.0,190.0,Île-de-France,REG-11,REG-11,12244807
09/04/2020,1,1,2020,0.0,0.0,La Réunion,REG-04,REG-04,857961
09/04/2020,1,1,2020,0.0,0.0,Guyane,REG-03,REG-03,283539
09/04/2020,1,1,2020,0.0,1.0,Martinique,REG-02,REG-02,363484
09/04/2020,1,1,2020,0.0,0.0,Guadeloupe,REG-01,REG-01,381294
09/04/2020,1,1,2020,0.0,14.0,Normandie,REG-28,REG-28,3313340
10/04/2020,1,1,2020,0.0,1.0,Corse,REG-94,REG-94,341554
10/04/2020,1,1,2020,0.0,13.0,Provence-Alpes-Côte d'Azur,REG-93,REG-93,5048405
10/04/2020,1,1,2020,0.0,36.0,Auvergne-Rhône-Alpes,REG-84,REG-84,8005882
10/04/2020,1,1,2020,0.0,19.0,Occitanie,REG-76,REG-76,5899209
10/04/2020,1,1,2020,0.0,1.0,Nouvelle-Aquitaine,REG-75,REG-75,5986318
10/04/2020,1,1,2020,0.0,12.0,Bretagne,REG-53,REG-53,3333720
10/04/2020,1,1,2020,0.0,0.0,Pays de la Loire,REG-52,REG-52,3787400
10/04/2020,1,1,2020,0.0,98.0,Grand Est,REG-44,REG-44,5525291
10/04/2020,1,1,2020,0.0,47.0,Hauts-de-France,REG-32,REG-32,5977437
10/04/2020,1,1,2020,0.0,0.0,Guadeloupe,REG-01,REG-01,381294
10/04/2020,1,1,2020,0.0,32.0,Bourgogne-Franche-Comté,REG-27,REG-27,2793333
10/04/2020,1,1,2020,0.0,15.0,Centre-Val de Loire,REG-24,REG-24,2565258
10/04/2020,1,1,2020,0.0,260.0,Île-de-France,REG-11,REG-11,12244807
10/04/2020,1,1,2020,0.0,0.0,Mayotte,REG-06,REG-06,269471
10/04/2020,1,1,2020,0.0,0.0,La Réunion,REG-04,REG-04,857961
10/04/2020,1,1,2020,0.0,0.0,Guyane,REG-03,REG-03,283539
10/04/2020,1,1,2020,0.0,0.0,Martinique,REG-02,REG-02,363484
10/04/2020,1,1,2020,0.0,9.0,Normandie,REG-28,REG-28,3313340
11/04/2020,1,1,2020,0.0,0.0,Pays de la Loire,REG-52,REG-52,3787400
11/04/2020,1,1,2020,0.0,8.0,Bretagne,REG-53,REG-53,3333720
11/04/2020,1,1,2020,0.0,6.0,Nouvelle-Aquitaine,REG-75,REG-75,5986318
11/04/2020,1,1,2020,0.0,56.0,Grand Est,REG-44,REG-44,5525291
11/04/2020,1,1,2020,0.0,34.0,Auvergne-Rhône-Alpes,REG-84,REG-84,8005882
11/04/2020,1,1,2020,0.0,18.0,Provence-Alpes-Côte d'Azur,REG-93,REG-93,5048405
11/04/2020,1,1,2020,0.0,1.0,Corse,REG-94,REG-94,341554
11/04/2020,1,1,2020,0.0,11.0,Occitanie,REG-76,REG-76,5899209
11/04/2020,1,1,2020,0.0,44.0,Hauts-de-France,REG-32,REG-32,5977437
11/04/2020,1,1,2020,0.0,0.0,Guadeloupe,REG-01,REG-01,381294
11/04/2020,1,1,2020,0.0,19.0,Bourgogne-Franche-Comté,REG-27,REG-27,2793333
11/04/2020,1,1,2020,0.0,14.0,Centre-Val de Loire,REG-24,REG-24,2565258
11/04/2020,1,1,2020,0.0,116.0,Île-de-France,REG-11,REG-11,12244807
11/04/2020,1,1,2020,0.0,1.0,Mayotte,REG-06,REG-06,269471
11/04/2020,1,1,2020,0.0,0.0,La Réunion,REG-04,REG-04,857961
11/04/2020,1,1,2020,0.0,0.0,Guyane,REG-03,REG-03,283539
11/04/2020,1,1,2020,0.0,0.0,Martinique,REG-02,REG-02,363484
11/04/2020,1,1,2020,0.0,8.0,Normandie,REG-28,REG-28,3313340
12/04/2020,1,1,2020,0.0,0.0,Pays de la Loire,REG-52,REG-52,3787400
12/04/2020,1,1,2020,0.0,3.0,Bretagne,REG-53,REG-53,3333720
12/04/2020,1,1,2020,0.0,10.0,Nouvelle-Aquitaine,REG-75,REG-75,5986318
12/04/2020,1,1,2020,0.0,0.0,Corse,REG-94,REG-94,341554
12/04/2020,1,1,2020,0.0,18.0,Auvergne-Rhône-Alpes,REG-84,REG-84,8005882
12/04/2020,1,1,2020,0.0,11.0,Provence-Alpes-Côte d'Azur,REG-93,REG-93,5048405
12/04/2020,1,1,2020,0.0,56.0,Grand Est,REG-44,REG-44,5525291
12/04/2020,1,1,2020,0.0,6.0,Occitanie,REG-76,REG-76,5899209
12/04/2020,1,1,2020,0.0,34.0,Hauts-de-France,REG-32,REG-32,5977437
12/04/2020,1,1,2020,0.0,0.0,Guadeloupe,REG-01,REG-01,381294
12/04/2020,1,1,2020,0.0,22.0,Bourgogne-Franche-Comté,REG-27,REG-27,2793333
12/04/2020,1,1,2020,0.0,8.0,Centre-Val de Loire,REG-24,REG-24,2565258
12/04/2020,1,1,2020,0.0,132.0,Île-de-France,REG-11,REG-11,12244807
12/04/2020,1,1,2020,0.0,0.0,Mayotte,REG-06,REG-06,269471
12/04/2020,1,1,2020,0.0,0.0,La Réunion,REG-04,REG-04,857961
12/04/2020,1,1,2020,0.0,0.0,Guyane,REG-03,REG-03,283539
12/04/2020,1,1,2020,0.0,1.0,Martinique,REG-02,REG-02,363484
12/04/2020,1,1,2020,0.0,5.0,Normandie,REG-28,REG-28,3313340
13/04/2020,1,1,2020,0.0,2.0,Corse,REG-94,REG-94,341554
13/04/2020,1,1,2020,0.0,20.0,Provence-Alpes-Côte d'Azur,REG-93,REG-93,5048405
13/04/2020,1,1,2020,0.0,21.0,Auvergne-Rhône-Alpes,REG-84,REG-84,8005882
13/04/2020,1,1,2020,0.0,9.0,Occitanie,REG-76,REG-76,5899209
13/04/2020,1,1,2020,0.0,4.0,Nouvelle-Aquitaine,REG-75,REG-75,5986318
13/04/2020,1,1,2020,0.0,4.0,Bretagne,REG-53,REG-53,3333720
13/04/2020,1,1,2020,0.0,0.0,Pays de la Loire,REG-52,REG-52,3787400
13/04/2020,1,1,2020,0.0,41.0,Grand Est,REG-44,REG-44,5525291
13/04/2020,1,1,2020,0.0,33.0,Hauts-de-France,REG-32,REG-32,5977437
13/04/2020,1,1,2020,0.0,12.0,Bourgogne-Franche-Comté,REG-27,REG-27,2793333
13/04/2020,1,1,2020,0.0,13.0,Centre-Val de Loire,REG-24,REG-24,2565258
13/04/2020,1,1,2020,0.0,156.0,Île-de-France,REG-11,REG-11,12244807
13/04/2020,1,1,2020,0.0,0.0,Mayotte,REG-06,REG-06,269471
13/04/2020,1,1,2020,0.0,0.0,La Réunion,REG-04,REG-04,857961
13/04/2020,1,1,2020,0.0,0.0,Guyane,REG-03,REG-03,283539
13/04/2020,1,1,2020,0.0,0.0,Martinique,REG-02,REG-02,363484
13/04/2020,1,1,2020,0.0,0.0,Guadeloupe,REG-01,REG-01,381294
13/04/2020,1,1,2020,0.0,10.0,Normandie,REG-28,REG-28,3313340
14/04/2020,1,1,2020,0.0,15.0,Pays de la Loire,REG-52,REG-52,3787400
14/04/2020,1,1,2020,0.0,13.0,Bretagne,REG-53,REG-53,3333720
14/04/2020,1,1,2020,0.0,0.0,Corse,REG-94,REG-94,341554
14/04/2020,1,1,2020,0.0,61.0,Grand Est,REG-44,REG-44,5525291
14/04/2020,1,1,2020,0.0,18.0,Occitanie,REG-76,REG-76,5899209
14/04/2020,1,1,2020,0.0,42.0,Auvergne-Rhône-Alpes,REG-84,REG-84,8005882
14/04/2020,1,1,2020,0.0,26.0,Provence-Alpes-Côte d'Azur,REG-93,REG-93,5048405
14/04/2020,1,1,2020,0.0,13.0,Nouvelle-Aquitaine,REG-75,REG-75,5986318
14/04/2020,1,1,2020,0.0,47.0,Hauts-de-France,REG-32,REG-32,5977437
14/04/2020,1,1,2020,0.0,0.0,Mayotte,REG-06,REG-06,269471
14/04/2020,1,1,2020,0.0,39.0,Bourgogne-Franche-Comté,REG-27,REG-27,2793333
14/04/2020,1,1,2020,0.0,13.0,Centre-Val de Loire,REG-24,REG-24,2565258
14/04/2020,1,1,2020,0.0,233.0,Île-de-France,REG-11,REG-11,12244807
14/04/2020,1,1,2020,0.0,0.0,La Réunion,REG-04,REG-04,857961
14/04/2020,1,1,2020,0.0,0.0,Guyane,REG-03,REG-03,283539
14/04/2020,1,1,2020,0.0,0.0,Martinique,REG-02,REG-02,363484
14/04/2020,1,1,2020,0.0,0.0,Guadeloupe,REG-01,REG-01,381294
14/04/2020,1,1,2020,0.0,19.0,Normandie,REG-28,REG-28,3313340
15/04/2020,1,1,2020,0.0,13.0,Pays de la Loire,REG-52,REG-52,3787400
15/04/2020,1,1,2020,0.0,10.0,Bretagne,REG-53,REG-53,3333720
15/04/2020,1,1,2020,0.0,7.0,Nouvelle-Aquitaine,REG-75,REG-75,5986318
15/04/2020,1,1,2020,0.0,3.0,Corse,REG-94,REG-94,341554
15/04/2020,1,1,2020,0.0,49.0,Auvergne-Rhône-Alpes,REG-84,REG-84,8005882
15/04/2020,1,1,2020,0.0,19.0,Provence-Alpes-Côte d'Azur,REG-93,REG-93,5048405
15/04/2020,1,1,2020,0.0,83.0,Grand Est,REG-44,REG-44,5525291
15/04/2020,1,1,2020,0.0,12.0,Occitanie,REG-76,REG-76,5899209
15/04/2020,1,1,2020,0.0,55.0,Hauts-de-France,REG-32,REG-32,5977437
15/04/2020,1,1,2020,0.0,12.0,Normandie,REG-28,REG-28,3313340
15/04/2020,1,1,2020,0.0,30.0,Bourgogne-Franche-Comté,REG-27,REG-27,2793333
15/04/2020,1,1,2020,0.0,18.0,Centre-Val de Loire,REG-24,REG-24,2565258
15/04/2020,1,1,2020,0.0,203.0,Île-de-France,REG-11,REG-11,12244807
15/04/2020,1,1,2020,0.0,0.0,Mayotte,REG-06,REG-06,269471
15/04/2020,1,1,2020,0.0,0.0,La Réunion,REG-04,REG-04,857961
15/04/2020,1,1,2020,0.0,0.0,Guyane,REG-03,REG-03,283539
15/04/2020,1,1,2020,0.0,0.0,Martinique,REG-02,REG-02,363484
15/04/2020,1,1,2020,0.0,0.0,Guadeloupe,REG-01,REG-01,381294
16/04/2020,1,1,2020,0.0,28.0,Provence-Alpes-Côte d'Azur,REG-93,REG-93,5048405
16/04/2020,1,1,2020,0.0,42.0,Auvergne-Rhône-Alpes,REG-84,REG-84,8005882
16/04/2020,1,1,2020,0.0,3.0,Occitanie,REG-76,REG-76,5899209
16/04/2020,1,1,2020,0.0,0.0,Corse,REG-94,REG-94,341554
16/04/2020,1,1,2020,0.0,7.0,Bretagne,REG-53,REG-53,3333720
16/04/2020,1,1,2020,0.0,13.0,Pays de la Loire,REG-52,REG-52,3787400
16/04/2020,1,1,2020,0.0,57.0,Grand Est,REG-44,REG-44,5525291
16/04/2020,1,1,2020,0.0,31.0,Hauts-de-France,REG-32,REG-32,5977437
16/04/2020,1,1,2020,0.0,6.0,Nouvelle-Aquitaine,REG-75,REG-75,5986318
16/04/2020,1,1,2020,0.0,26.0,Bourgogne-Franche-Comté,REG-27,REG-27,2793333
16/04/2020,1,1,2020,0.0,7.0,Centre-Val de Loire,REG-24,REG-24,2565258
16/04/2020,1,1,2020,0.0,179.0,Île-de-France,REG-11,REG-11,12244807
16/04/2020,1,1,2020,0.0,1.0,Mayotte,REG-06,REG-06,269471
16/04/2020,1,1,2020,0.0,0.0,La Réunion,REG-04,REG-04,857961
16/04/2020,1,1,2020,0.0,0.0,Guyane,REG-03,REG-03,283539
16/04/2020,1,1,2020,0.0,0.0,Martinique,REG-02,REG-02,363484
16/04/2020,1,1,2020,0.0,0.0,Guadeloupe,REG-01,REG-01,381294
16/04/2020,1,1,2020,0.0,10.0,Normandie,REG-28,REG-28,3313340
17/04/2020,1,1,2020,0.0,7.0,Pays de la Loire,REG-52,REG-52,3787400
17/04/2020,1,1,2020,0.0,5.0,Bretagne,REG-53,REG-53,3333720
17/04/2020,1,1,2020,0.0,1.0,Corse,REG-94,REG-94,341554
17/04/2020,1,1,2020,0.0,27.0,Auvergne-Rhône-Alpes,REG-84,REG-84,8005882
17/04/2020,1,1,2020,0.0,26.0,Provence-Alpes-Côte d'Azur,REG-93,REG-93,5048405
17/04/2020,1,1,2020,0.0,52.0,Grand Est,REG-44,REG-44,5525291
17/04/2020,1,1,2020,0.0,9.0,Occitanie,REG-76,REG-76,5899209
17/04/2020,1,1,2020,0.0,48.0,Hauts-de-France,REG-32,REG-32,5977437
17/04/2020,1,1,2020,0.0,13.0,Nouvelle-Aquitaine,REG-75,REG-75,5986318
17/04/2020,1,1,2020,0.0,16.0,Bourgogne-Franche-Comté,REG-27,REG-27,2793333
17/04/2020,1,1,2020,0.0,12.0,Centre-Val de Loire,REG-24,REG-24,2565258
17/04/2020,1,1,2020,0.0,191.0,Île-de-France,REG-11,REG-11,12244807
17/04/2020,1,1,2020,0.0,0.0,Mayotte,REG-06,REG-06,269471
17/04/2020,1,1,2020,0.0,0.0,La Réunion,REG-04,REG-04,857961
17/04/2020,1,1,2020,0.0,0.0,Guyane,REG-03,REG-03,283539
17/04/2020,1,1,2020,0.0,0.0,Martinique,REG-02,REG-02,363484
17/04/2020,1,1,2020,0.0,0.0,Guadeloupe,REG-01,REG-01,381294
17/04/2020,1,1,2020,0.0,10.0,Normandie,REG-28,REG-28,3313340
18/04/2020,1,1,2020,0.0,64.0,Grand Est,REG-44,REG-44,5525291
18/04/2020,1,1,2020,0.0,9.0,Pays de la Loire,REG-52,REG-52,3787400
18/04/2020,1,1,2020,0.0,38.0,Auvergne-Rhône-Alpes,REG-84,REG-84,8005882
18/04/2020,1,1,2020,0.0,8.0,Nouvelle-Aquitaine,REG-75,REG-75,5986318
18/04/2020,1,1,2020,0.0,2.0,Occitanie,REG-76,REG-76,5899209
18/04/2020,1,1,2020,0.0,23.0,Hauts-de-France,REG-32,REG-32,5977437
18/04/2020,1,1,2020,0.0,10.0,Bretagne,REG-53,REG-53,3333720
18/04/2020,1,1,2020,0.0,5.0,Normandie,REG-28,REG-28,3313340
18/04/2020,1,1,2020,0.0,0.0,Mayotte,REG-06,REG-06,269471
18/04/2020,1,1,2020,0.0,12.0,Centre-Val de Loire,REG-24,REG-24,2565258
18/04/2020,1,1,2020,0.0,154.0,Île-de-France,REG-11,REG-11,12244807
18/04/2020,1,1,2020,0.0,0.0,La Réunion,REG-04,REG-04,857961
18/04/2020,1,1,2020,0.0,0.0,Guyane,REG-03,REG-03,283539
18/04/2020,1,1,2020,0.0,1.0,Martinique,REG-02,REG-02,363484
18/04/2020,1,1,2020,0.0,1.0,Guadeloupe,REG-01,REG-01,381294
18/04/2020,1,1,2020,0.0,16.0,Provence-Alpes-Côte d'Azur,REG-93,REG-93,5048405
18/04/2020,1,1,2020,0.0,21.0,Bourgogne-Franche-Comté,REG-27,REG-27,2793333
18/04/2020,1,1,2020,0.0,0.0,Corse,REG-94,REG-94,341554
